timestamp_s,x,y,yaw_rad,speed_mps,steering_angle_rad,cross_track_error_m
1774732095.204369,-11.6631,-41.3670,0.000000,0.0000,0.000000,0.0000
1774732095.512435,-11.6530,-41.3670,0.002043,0.0000,0.000000,0.0000
1774732095.520383,-11.6516,-41.3670,0.002370,0.1598,-0.134543,0.5441
1774732095.524383,-11.6516,-41.3670,0.002370,0.1084,-0.043175,0.5441
1774732095.532371,-11.6501,-41.3670,0.002726,0.2002,0.007189,0.5430
1774732095.536370,-11.6501,-41.3670,0.002726,0.2238,0.032800,0.5430
1774732095.540394,-11.6486,-41.3670,0.002957,0.2386,0.111012,0.5418
1774732095.544533,-11.6486,-41.3670,0.002957,0.2953,-0.103333,0.5418
1774732095.549203,-11.6468,-41.3670,0.003039,0.3312,0.095043,0.5406
1774732095.552379,-11.6468,-41.3670,0.003039,0.4026,-0.122733,0.5406
1774732095.556375,-11.6468,-41.3670,0.003039,0.3987,0.084028,0.5406
1774732095.560327,-11.6450,-41.3670,0.003128,0.4172,0.045736,0.5393
1774732095.564382,-11.6450,-41.3670,0.003128,0.4524,0.074870,0.5393
1774732095.569198,-11.6431,-41.3670,0.003410,0.4524,0.074870,0.5379
1774732095.572533,-11.6431,-41.3670,0.003410,0.4524,0.074870,0.5379
1774732095.576399,-11.6431,-41.3670,0.003410,0.4524,0.074870,0.5379
1774732095.580364,-11.6410,-41.3670,0.003706,0.4524,0.074870,0.5364
1774732095.584379,-11.6410,-41.3670,0.003706,0.5281,-0.116063,0.5364
1774732095.589225,-11.6389,-41.3670,0.004022,0.5281,-0.116063,0.5349
1774732095.592387,-11.6389,-41.3670,0.004022,0.5281,-0.116063,0.5349
1774732095.596387,-11.6389,-41.3670,0.004022,0.5281,-0.116063,0.5349
1774732095.600390,-11.6366,-41.3669,0.004580,0.5281,-0.116063,0.5332
1774732095.604512,-11.6366,-41.3669,0.004580,0.5281,-0.116063,0.5332
1774732095.609314,-11.6342,-41.3669,0.005170,0.5281,-0.116063,0.5315
1774732095.612396,-11.6342,-41.3669,0.005170,0.5281,-0.116063,0.5315
1774732095.616379,-11.6342,-41.3669,0.005170,0.5732,0.248418,0.5315
1774732095.620450,-11.6316,-41.3669,0.005545,0.5732,0.248418,0.5296
1774732095.624461,-11.6316,-41.3669,0.005545,0.5732,0.248418,0.5296
1774732095.629085,-11.6288,-41.3669,0.005676,0.5732,0.248418,0.5277
1774732095.632370,-11.6288,-41.3669,0.005676,0.5732,0.248418,0.5277
1774732095.636513,-11.6288,-41.3669,0.005676,0.5140,-0.368339,0.5277
1774732095.640450,-11.6260,-41.3669,0.005815,0.5140,-0.368339,0.5257
1774732095.644462,-11.6260,-41.3669,0.005815,0.5140,-0.368339,0.5257
1774732095.649139,-11.6230,-41.3669,0.006248,0.5140,-0.368339,0.5236
1774732095.652366,-11.6230,-41.3669,0.006248,0.5140,-0.368339,0.5236
1774732095.656588,-11.6230,-41.3669,0.006248,0.6032,0.048752,0.5236
1774732095.660480,-11.6199,-41.3669,0.006697,0.6032,0.048752,0.5214
1774732095.664354,-11.6199,-41.3669,0.006697,0.6032,0.048752,0.5214
1774732095.669209,-11.6167,-41.3668,0.006853,0.6032,0.048752,0.5191
1774732095.672403,-11.6167,-41.3668,0.006853,0.6032,0.048752,0.5191
1774732095.676370,-11.6167,-41.3668,0.006853,0.6147,0.019835,0.5191
1774732095.680376,-11.6133,-41.3668,0.007017,0.6147,0.019835,0.5168
1774732095.684376,-11.6133,-41.3668,0.007017,0.6147,0.019835,0.5168
1774732095.689110,-11.6098,-41.3668,0.007527,0.6147,0.019835,0.5143
1774732095.692373,-11.6098,-41.3668,0.007527,0.6147,0.019835,0.5143
1774732095.696371,-11.6098,-41.3668,0.007527,0.5785,-0.127028,0.5143
1774732095.700379,-11.6062,-41.3668,0.008053,0.5785,-0.127028,0.5118
1774732095.704401,-11.6062,-41.3668,0.008053,0.5785,-0.127028,0.5118
1774732095.709163,-11.6025,-41.3667,0.008232,0.5785,-0.127028,0.5093
1774732095.712374,-11.6025,-41.3667,0.008232,0.5785,-0.127028,0.5093
1774732095.716576,-11.6025,-41.3667,0.008232,0.6368,-0.023959,0.5093
1774732095.720476,-11.5986,-41.3667,0.008046,0.6368,-0.023959,0.5067
1774732095.724472,-11.5986,-41.3667,0.008046,0.6368,-0.023959,0.5067
1774732095.729017,-11.5947,-41.3667,0.007470,0.6368,-0.023959,0.5040
1774732095.732498,-11.5947,-41.3667,0.007470,0.6368,-0.023959,0.5040
1774732095.736475,-11.5947,-41.3667,0.007470,0.6999,-0.202774,0.5040
1774732095.740376,-11.5906,-41.3666,0.006877,0.6999,-0.202774,0.5012
1774732095.744496,-11.5906,-41.3666,0.006877,0.6999,-0.202774,0.5012
1774732095.749078,-11.5864,-41.3666,0.006673,0.6999,-0.202774,0.4984
1774732095.752365,-11.5864,-41.3666,0.006673,0.6999,-0.202774,0.4984
1774732095.756457,-11.5864,-41.3666,0.006673,0.7398,0.110239,0.4984
1774732095.760371,-11.5820,-41.3666,0.006460,0.7398,0.110239,0.4955
1774732095.764431,-11.5820,-41.3666,0.006460,0.7398,0.110239,0.4955
1774732095.769150,-11.5775,-41.3665,0.005803,0.7398,0.110239,0.4925
1774732095.772420,-11.5775,-41.3665,0.005803,0.7398,0.110239,0.4925
1774732095.776337,-11.5775,-41.3665,0.005803,0.7827,0.084328,0.4925
1774732095.780315,-11.5729,-41.3665,0.005127,0.7827,0.084328,0.4895
1774732095.784358,-11.5729,-41.3665,0.005127,0.7827,0.084328,0.4895
1774732095.789183,-11.5681,-41.3665,0.004896,0.7827,0.084328,0.4864
1774732095.792355,-11.5681,-41.3665,0.004896,0.7827,0.084328,0.4864
1774732095.796501,-11.5681,-41.3665,0.004896,0.7689,0.063893,0.4864
1774732095.800365,-11.5631,-41.3665,0.005136,0.7689,0.063893,0.4832
1774732095.804481,-11.5631,-41.3665,0.005136,0.7689,0.063893,0.4832
1774732095.809263,-11.5580,-41.3664,0.005636,0.7689,0.063893,0.4799
1774732095.812360,-11.5580,-41.3664,0.005636,0.7689,0.063893,0.4799
1774732095.816444,-11.5580,-41.3664,0.005636,0.8217,0.198919,0.4799
1774732095.820469,-11.5528,-41.3663,0.006456,0.8217,0.198919,0.4766
1774732095.824473,-11.5528,-41.3663,0.006456,0.8217,0.198919,0.4766
1774732095.829333,-11.5475,-41.3661,0.007087,0.8217,0.198919,0.4731
1774732095.832375,-11.5475,-41.3661,0.007087,0.8217,0.198919,0.4731
1774732095.836375,-11.5475,-41.3661,0.007087,0.7873,-0.067652,0.4731
1774732095.840467,-11.5420,-41.3659,0.008148,0.7873,-0.067652,0.4696
1774732095.844329,-11.5420,-41.3659,0.008148,0.7873,-0.067652,0.4696
1774732095.849153,-11.5364,-41.3656,0.009718,0.7873,-0.067652,0.4660
1774732095.852354,-11.5364,-41.3656,0.009718,0.7873,-0.067652,0.4660
1774732095.856367,-11.5364,-41.3656,0.009718,0.8714,-0.095165,0.4660
1774732095.860464,-11.5307,-41.3653,0.011669,0.8714,-0.095165,0.4623
1774732095.864464,-11.5307,-41.3653,0.011669,0.8714,-0.095165,0.4623
1774732095.869267,-11.5248,-41.3649,0.013309,0.8714,-0.095165,0.4586
1774732095.872358,-11.5248,-41.3649,0.013309,0.8714,-0.095165,0.4586
1774732095.876394,-11.5248,-41.3649,0.013309,0.8615,-0.098320,0.4586
1774732095.880372,-11.5188,-41.3646,0.014498,0.8615,-0.098320,0.4549
1774732095.884381,-11.5188,-41.3646,0.014498,0.8615,-0.098320,0.4549
1774732095.889295,-11.5127,-41.3644,0.015165,0.8615,-0.098320,0.4511
1774732095.892480,-11.5127,-41.3644,0.015165,0.8615,-0.098320,0.4511
1774732095.896379,-11.5127,-41.3644,0.015165,0.9319,0.157332,0.4511
1774732095.900397,-11.5065,-41.3642,0.015274,0.9319,0.157332,0.4475
1774732095.904460,-11.5065,-41.3642,0.015274,0.9319,0.157332,0.4475
1774732095.909269,-11.5000,-41.3641,0.014790,0.9319,0.157332,0.4439
1774732095.912364,-11.5000,-41.3641,0.014790,0.9319,0.157332,0.4439
1774732095.916397,-11.5000,-41.3641,0.014790,0.9614,0.059922,0.4439
1774732095.920482,-11.4935,-41.3641,0.013874,0.9614,0.059922,0.4403
1774732095.924523,-11.4935,-41.3641,0.013874,0.9614,0.059922,0.4403
1774732095.929271,-11.4868,-41.3642,0.013267,0.9614,0.059922,0.4368
1774732095.932384,-11.4868,-41.3642,0.013267,0.9614,0.059922,0.4368
1774732095.936366,-11.4868,-41.3642,0.013267,1.0169,-0.100025,0.4368
1774732095.940450,-11.4799,-41.3641,0.013173,1.0169,-0.100025,0.4332
1774732095.944477,-11.4799,-41.3641,0.013173,1.0169,-0.100025,0.4332
1774732095.949157,-11.4729,-41.3640,0.013685,1.0169,-0.100025,0.4295
1774732095.952358,-11.4729,-41.3640,0.013685,1.0169,-0.100025,0.4295
1774732095.956489,-11.4729,-41.3640,0.013685,1.0323,-0.208008,0.4295
1774732095.960450,-11.4658,-41.3638,0.014658,1.0323,-0.208008,0.4257
1774732095.964475,-11.4658,-41.3638,0.014658,1.0323,-0.208008,0.4257
1774732095.969204,-11.4585,-41.3635,0.015334,1.0323,-0.208008,0.4220
1774732095.972359,-11.4585,-41.3635,0.015334,1.0323,-0.208008,0.4220
1774732095.976338,-11.4585,-41.3635,0.015334,0.9827,0.093565,0.5213
1774732095.980376,-11.4510,-41.3634,0.015460,0.9827,0.093565,0.5155
1774732095.984432,-11.4510,-41.3634,0.015460,0.9827,0.093565,0.5155
1774732095.989423,-11.4435,-41.3633,0.014930,0.9827,0.093565,0.5096
1774732095.992383,-11.4435,-41.3633,0.014930,0.9827,0.093565,0.5096
1774732095.996384,-11.4435,-41.3633,0.014930,1.0759,0.087033,0.5096
1774732096.000384,-11.4358,-41.3633,0.013907,1.0759,0.087033,0.5037
1774732096.004372,-11.4358,-41.3633,0.013907,1.0759,0.087033,0.5037
1774732096.009168,-11.4280,-41.3633,0.013174,1.0759,0.087033,0.4977
1774732096.012364,-11.4280,-41.3633,0.013174,1.0759,0.087033,0.4977
1774732096.016477,-11.4280,-41.3633,0.013174,1.0960,0.497361,0.4977
1774732096.020434,-11.4200,-41.3633,0.013012,1.0960,0.497361,0.4917
1774732096.024462,-11.4200,-41.3633,0.013012,1.0960,0.497361,0.4917
1774732096.029273,-11.4119,-41.3631,0.013538,1.0960,0.497361,0.4856
1774732096.032364,-11.4119,-41.3631,0.013538,1.0960,0.497361,0.4856
1774732096.036432,-11.4119,-41.3631,0.013538,1.1008,0.243127,0.4856
1774732096.040482,-11.4036,-41.3629,0.014814,1.1008,0.243127,0.4793
1774732096.044482,-11.4036,-41.3629,0.014814,1.1008,0.243127,0.4793
1774732096.049155,-11.3952,-41.3625,0.016883,1.1008,0.243127,0.4729
1774732096.052433,-11.3952,-41.3625,0.016883,1.1008,0.243127,0.4729
1774732096.056374,-11.3952,-41.3625,0.016883,1.1968,0.080111,0.4729
1774732096.060449,-11.3867,-41.3620,0.019763,1.1968,0.080111,0.4664
1774732096.064454,-11.3867,-41.3620,0.019763,1.1968,0.080111,0.4664
1774732096.069294,-11.3781,-41.3613,0.023492,1.1968,0.080111,0.4597
1774732096.072370,-11.3781,-41.3613,0.023492,1.1968,0.080111,0.4597
1774732096.076376,-11.3781,-41.3613,0.023492,1.1423,0.058069,0.4597
1774732096.080408,-11.3693,-41.3604,0.027894,1.1423,0.058069,0.4529
1774732096.084517,-11.3693,-41.3604,0.027894,1.1423,0.058069,0.4529
1774732096.089235,-11.3603,-41.3595,0.032114,1.1423,0.058069,0.4461
1774732096.092468,-11.3603,-41.3595,0.032114,1.1423,0.058069,0.4461
1774732096.096414,-11.3603,-41.3595,0.032114,1.1247,0.016358,0.4461
1774732096.100396,-11.3513,-41.3586,0.035772,1.1247,0.016358,0.4392
1774732096.104406,-11.3513,-41.3586,0.035772,1.1247,0.016358,0.4392
1774732096.109419,-11.3422,-41.3577,0.038711,1.1247,0.016358,0.4324
1774732096.112393,-11.3422,-41.3577,0.038711,1.1247,0.016358,0.4324
1774732096.116493,-11.3422,-41.3577,0.038711,1.2054,0.272816,0.4324
1774732096.120399,-11.3329,-41.3569,0.040866,1.2054,0.272816,0.4256
1774732096.124509,-11.3329,-41.3569,0.040866,1.2054,0.272816,0.4256
1774732096.129589,-11.3235,-41.3562,0.042195,1.2054,0.272816,0.4189
1774732096.132395,-11.3235,-41.3562,0.042195,1.2054,0.272816,0.4189
1774732096.136390,-11.3235,-41.3562,0.042195,1.2535,0.398363,0.4189
1774732096.140390,-11.3140,-41.3556,0.042898,1.2535,0.398363,0.4123
1774732096.144537,-11.3140,-41.3556,0.042898,1.2535,0.398363,0.4123
1774732096.150428,-11.3043,-41.3550,0.043839,1.2535,0.398363,0.4058
1774732096.153934,-11.3043,-41.3550,0.043839,1.2581,0.104633,0.4058
1774732096.157008,-11.3043,-41.3550,0.043839,1.2581,0.104633,0.4058
1774732096.161980,-11.2945,-41.3543,0.045431,1.2581,0.104633,0.3992
1774732096.164400,-11.2945,-41.3543,0.045431,1.2581,0.104633,0.3992
1774732096.170075,-11.2845,-41.3536,0.047847,1.2581,0.104633,0.3926
1774732096.172343,-11.2845,-41.3536,0.047847,1.2581,0.104633,0.3926
1774732096.177060,-11.2845,-41.3536,0.047847,1.2628,0.207230,0.3926
1774732096.180449,-11.2745,-41.3526,0.050939,1.2628,0.207230,0.3860
1774732096.184454,-11.2745,-41.3526,0.050939,1.2628,0.207230,0.3860
1774732096.189223,-11.2643,-41.3517,0.054073,1.2628,0.207230,0.3794
1774732096.192382,-11.2643,-41.3517,0.054073,1.3299,-0.084093,0.3794
1774732096.196409,-11.2643,-41.3517,0.054073,1.3299,-0.084093,0.3794
1774732096.200347,-11.2540,-41.3506,0.057734,1.3299,-0.084093,0.3728
1774732096.204427,-11.2540,-41.3506,0.057734,1.3299,-0.084093,0.3728
1774732096.209199,-11.2436,-41.3493,0.062221,1.3299,-0.084093,0.3662
1774732096.212484,-11.2436,-41.3493,0.062221,1.3299,-0.084093,0.3662
1774732096.216402,-11.2436,-41.3493,0.062221,1.3368,0.172684,0.3662
1774732096.220410,-11.2331,-41.3479,0.067429,1.3368,0.172684,0.3596
1774732096.224584,-11.2331,-41.3479,0.067429,1.3368,0.172684,0.3596
1774732096.229136,-11.2224,-41.3464,0.072488,1.3368,0.172684,0.3530
1774732096.232382,-11.2224,-41.3464,0.072488,1.3368,0.172684,0.3530
1774732096.236468,-11.2224,-41.3464,0.072488,1.2930,-0.013327,0.3530
1774732096.240466,-11.2117,-41.3449,0.077175,1.2930,-0.013327,0.3466
1774732096.244447,-11.2117,-41.3449,0.077175,1.2930,-0.013327,0.3466
1774732096.249345,-11.2008,-41.3432,0.082239,1.2930,-0.013327,0.3403
1774732096.252393,-11.2008,-41.3432,0.082239,1.2930,-0.013327,0.3403
1774732096.256455,-11.2008,-41.3432,0.082239,1.3841,0.182756,0.3403
1774732096.260470,-11.1899,-41.3415,0.087839,1.3841,0.182756,0.3340
1774732096.264452,-11.1899,-41.3415,0.087839,1.3841,0.182756,0.3340
1774732096.269043,-11.1788,-41.3397,0.093205,1.3841,0.182756,0.3279
1774732096.272341,-11.1788,-41.3397,0.093205,1.3841,0.182756,0.3279
1774732096.276437,-11.1788,-41.3397,0.093205,1.4175,0.117116,0.3279
1774732096.280398,-11.1676,-41.3378,0.098148,1.4175,0.117116,0.4217
1774732096.284409,-11.1676,-41.3378,0.098148,1.4175,0.117116,0.4217
1774732096.289197,-11.1563,-41.3359,0.103440,1.4175,0.117116,0.4117
1774732096.292400,-11.1563,-41.3359,0.103440,1.4175,0.117116,0.4117
1774732096.296469,-11.1563,-41.3359,0.103440,1.4473,0.276963,0.4117
1774732096.300449,-11.1449,-41.3338,0.109279,1.4473,0.276963,0.4016
1774732096.304418,-11.1449,-41.3338,0.109279,1.4473,0.276963,0.4016
1774732096.309273,-11.1333,-41.3316,0.114898,1.4473,0.276963,0.3915
1774732096.312389,-11.1333,-41.3316,0.114898,1.4473,0.276963,0.3915
1774732096.316471,-11.1333,-41.3316,0.114898,1.4614,0.099716,0.3915
1774732096.320471,-11.1217,-41.3294,0.120086,1.4614,0.099716,0.3814
1774732096.324462,-11.1217,-41.3294,0.120086,1.4614,0.099716,0.3814
1774732096.328967,-11.1099,-41.3271,0.125616,1.4614,0.099716,0.3712
1774732096.332364,-11.1099,-41.3271,0.125616,1.4614,0.099716,0.3712
1774732096.336359,-11.1099,-41.3271,0.125616,1.4982,0.148107,0.3712
1774732096.340372,-11.0980,-41.3247,0.131701,1.4982,0.148107,0.3610
1774732096.344468,-11.0980,-41.3247,0.131701,1.4982,0.148107,0.3610
1774732096.349104,-11.0860,-41.3222,0.137569,1.4982,0.148107,0.3507
1774732096.352333,-11.0860,-41.3222,0.137569,1.4982,0.148107,0.3507
1774732096.356466,-11.0860,-41.3222,0.137569,1.5247,0.210829,0.3507
1774732096.360474,-11.0738,-41.3196,0.142996,1.5247,0.210829,0.3405
1774732096.364471,-11.0738,-41.3196,0.142996,1.5247,0.210829,0.3405
1774732096.369122,-11.0615,-41.3170,0.148505,1.5247,0.210829,0.3303
1774732096.372415,-11.0615,-41.3170,0.148505,1.5247,0.210829,0.3303
1774732096.376402,-11.0615,-41.3170,0.148505,1.5717,-0.020696,0.3303
1774732096.380386,-11.0491,-41.3143,0.153833,1.5717,-0.020696,0.3201
1774732096.384370,-11.0491,-41.3143,0.153833,1.5717,-0.020696,0.3201
1774732096.389104,-11.0366,-41.3115,0.159605,1.5717,-0.020696,0.3099
1774732096.392372,-11.0366,-41.3115,0.159605,1.5717,-0.020696,0.3099
1774732096.396619,-11.0366,-41.3115,0.159605,1.6027,0.000444,0.3099
1774732096.400367,-11.0240,-41.3085,0.165999,1.6027,0.000444,0.2997
1774732096.404517,-11.0240,-41.3085,0.165999,1.6027,0.000444,0.2997
1774732096.409121,-11.0112,-41.3054,0.172217,1.6027,0.000444,0.2896
1774732096.412378,-11.0112,-41.3054,0.172217,1.6027,0.000444,0.2896
1774732096.416483,-11.0112,-41.3054,0.172217,1.6516,0.111735,0.2896
1774732096.420436,-10.9983,-41.3023,0.177747,1.6516,0.111735,0.2796
1774732096.424372,-10.9983,-41.3023,0.177747,1.6516,0.111735,0.2796
1774732096.428941,-10.9853,-41.2991,0.182342,1.6516,0.111735,0.2698
1774732096.432364,-10.9853,-41.2991,0.182342,1.6516,0.111735,0.2698
1774732096.436431,-10.9853,-41.2991,0.182342,1.6455,-0.050593,0.2698
1774732096.440456,-10.9721,-41.2960,0.186123,1.6455,-0.050593,0.2603
1774732096.444479,-10.9721,-41.2960,0.186123,1.6455,-0.050593,0.2603
1774732096.449008,-10.9587,-41.2929,0.190032,1.6455,-0.050593,0.2510
1774732096.452365,-10.9587,-41.2929,0.190032,1.6455,-0.050593,0.2510
1774732096.456475,-10.9587,-41.2929,0.190032,1.6607,0.083478,0.2510
1774732096.460471,-10.9453,-41.2896,0.194414,1.6607,0.083478,0.2420
1774732096.464404,-10.9453,-41.2896,0.194414,1.6607,0.083478,0.2420
1774732096.469095,-10.9317,-41.2863,0.198530,1.6607,0.083478,0.2334
1774732096.472384,-10.9317,-41.2863,0.198530,1.6607,0.083478,0.2334
1774732096.476540,-10.9317,-41.2863,0.198530,1.6995,0.114788,0.3614
1774732096.480359,-10.9180,-41.2829,0.202128,1.6995,0.114788,0.3481
1774732096.484480,-10.9180,-41.2829,0.202128,1.6995,0.114788,0.3481
1774732096.488927,-10.9042,-41.2795,0.205737,1.6995,0.114788,0.3346
1774732096.492348,-10.9042,-41.2795,0.205737,1.6995,0.114788,0.3346
1774732096.496344,-10.9042,-41.2795,0.205737,1.6900,0.101120,0.3346
1774732096.500481,-10.8902,-41.2760,0.209117,1.6900,0.101120,0.3211
1774732096.504499,-10.8902,-41.2760,0.209117,1.6900,0.101120,0.3211
1774732096.509058,-10.8762,-41.2725,0.212906,1.6900,0.101120,0.3075
1774732096.512356,-10.8762,-41.2725,0.212906,1.6900,0.101120,0.3075
1774732096.516450,-10.8762,-41.2725,0.212906,1.7597,-0.136429,0.3075
1774732096.520350,-10.8620,-41.2688,0.217318,1.7597,-0.136429,0.2939
1774732096.524477,-10.8620,-41.2688,0.217318,1.7597,-0.136429,0.2939
1774732096.529083,-10.8478,-41.2650,0.221805,1.7597,-0.136429,0.2802
1774732096.532466,-10.8478,-41.2650,0.221805,1.7597,-0.136429,0.2802
1774732096.536471,-10.8478,-41.2650,0.221805,1.7946,-0.050678,0.2802
1774732096.540370,-10.8334,-41.2611,0.226600,1.7946,-0.050678,0.2664
1774732096.544482,-10.8334,-41.2611,0.226600,1.7946,-0.050678,0.2664
1774732096.548930,-10.8189,-41.2571,0.231063,1.7946,-0.050678,0.2527
1774732096.552368,-10.8189,-41.2571,0.231063,1.7946,-0.050678,0.2527
1774732096.556480,-10.8189,-41.2571,0.231063,1.7914,-0.179936,0.2527
1774732096.560505,-10.8042,-41.2530,0.234701,1.7914,-0.179936,0.2389
1774732096.564465,-10.8042,-41.2530,0.234701,1.7914,-0.179936,0.2389
1774732096.569063,-10.7894,-41.2490,0.237252,1.7914,-0.179936,0.2253
1774732096.572374,-10.7894,-41.2490,0.237252,1.7914,-0.179936,0.2253
1774732096.576360,-10.7894,-41.2490,0.237252,1.8521,0.187707,0.2253
1774732096.580357,-10.7745,-41.2451,0.238574,1.8521,0.187707,0.2119
1774732096.584363,-10.7745,-41.2451,0.238574,1.8521,0.187707,0.2119
1774732096.588984,-10.7593,-41.2413,0.238582,1.8521,0.187707,0.1987
1774732096.592371,-10.7593,-41.2413,0.238582,1.8521,0.187707,0.1987
1774732096.596485,-10.7593,-41.2413,0.238582,1.8928,0.033298,0.1987
1774732096.600468,-10.7440,-41.2376,0.237480,1.8928,0.033298,0.1858
1774732096.604461,-10.7440,-41.2376,0.237480,1.8928,0.033298,0.1858
1774732096.609034,-10.7286,-41.2339,0.236297,1.8928,0.033298,0.1733
1774732096.612368,-10.7286,-41.2339,0.236297,1.8928,0.033298,0.1733
1774732096.616452,-10.7286,-41.2339,0.236297,1.8670,0.257802,0.1733
1774732096.620469,-10.7130,-41.2302,0.235742,1.8670,0.257802,0.1614
1774732096.624369,-10.7130,-41.2302,0.235742,1.8670,0.257802,0.1614
1774732096.629123,-10.6973,-41.2263,0.236203,1.8670,0.257802,0.1500
1774732096.632394,-10.6973,-41.2263,0.236203,1.8670,0.257802,0.1500
1774732096.636449,-10.6973,-41.2263,0.236203,1.8925,-0.039595,0.1500
1774732096.640468,-10.6815,-41.2224,0.237891,1.8925,-0.039595,0.1395
1774732096.644472,-10.6815,-41.2224,0.237891,1.8925,-0.039595,0.1395
1774732096.648973,-10.6656,-41.2182,0.240934,1.8925,-0.039595,0.1299
1774732096.652369,-10.6656,-41.2182,0.240934,1.8925,-0.039595,0.1299
1774732096.656469,-10.6656,-41.2182,0.240934,1.9272,-0.118522,0.1299
1774732096.660470,-10.6496,-41.2138,0.245143,1.9272,-0.118522,0.1215
1774732096.664467,-10.6496,-41.2138,0.245143,1.9272,-0.118522,0.1215
1774732096.669066,-10.6336,-41.2093,0.249473,1.9272,-0.118522,0.1148
1774732096.672380,-10.6336,-41.2093,0.249473,1.9272,-0.118522,0.1148
1774732096.676365,-10.6336,-41.2093,0.249473,1.9470,0.078924,0.1148
1774732096.680365,-10.6174,-41.2047,0.253187,1.9470,0.078924,0.2328
1774732096.684481,-10.6174,-41.2047,0.253187,1.9470,0.078924,0.2328
1774732096.688940,-10.6011,-41.2001,0.255883,1.9470,0.078924,0.2161
1774732096.692373,-10.6011,-41.2001,0.255883,1.9470,0.078924,0.2161
1774732096.696389,-10.6011,-41.2001,0.255883,1.9508,0.076461,0.2161
1774732096.700485,-10.5847,-41.1955,0.257602,1.9508,0.076461,0.1993
1774732096.704365,-10.5847,-41.1955,0.257602,1.9508,0.076461,0.1993
1774732096.708917,-10.5682,-41.1908,0.259322,1.9508,0.076461,0.1824
1774732096.712341,-10.5682,-41.1908,0.259322,1.9508,0.076461,0.1824
1774732096.716493,-10.5682,-41.1908,0.259322,2.0166,0.086984,0.1824
1774732096.720482,-10.5516,-41.1861,0.261754,2.0166,0.086984,0.1655
1774732096.724418,-10.5516,-41.1861,0.261754,2.0166,0.086984,0.1655
1774732096.728941,-10.5348,-41.1812,0.265018,2.0166,0.086984,0.1484
1774732096.732493,-10.5348,-41.1812,0.265018,2.0166,0.086984,0.1484
1774732096.736462,-10.5348,-41.1812,0.265018,2.0345,-0.194607,0.1484
1774732096.740525,-10.5180,-41.1762,0.268497,2.0345,-0.194607,0.1313
1774732096.744569,-10.5180,-41.1762,0.268497,2.0345,-0.194607,0.1313
1774732096.748935,-10.5011,-41.1710,0.272362,2.0345,-0.194607,0.1143
1774732096.752358,-10.5011,-41.1710,0.272362,2.0345,-0.194607,0.1143
1774732096.756544,-10.5011,-41.1710,0.272362,2.0927,0.064725,0.1143
1774732096.760465,-10.4840,-41.1658,0.275928,2.0927,0.064725,0.0973
1774732096.764486,-10.4840,-41.1658,0.275928,2.0927,0.064725,0.0973
1774732096.768942,-10.4668,-41.1605,0.278628,2.0927,0.064725,0.0805
1774732096.772352,-10.4668,-41.1605,0.278628,2.0927,0.064725,0.0805
1774732096.776359,-10.4668,-41.1605,0.278628,2.0990,-0.107195,0.2880
1774732096.780454,-10.4495,-41.1553,0.280406,2.0990,-0.107195,0.2700
1774732096.784471,-10.4495,-41.1553,0.280406,2.0990,-0.107195,0.2700
1774732096.789118,-10.4320,-41.1500,0.282197,2.0990,-0.107195,0.2519
1774732096.792349,-10.4320,-41.1500,0.282197,2.0990,-0.107195,0.2519
1774732096.796381,-10.4320,-41.1500,0.282197,2.1375,-0.248763,0.2519
1774732096.800472,-10.4144,-41.1445,0.284447,2.1375,-0.248763,0.2337
1774732096.804382,-10.4144,-41.1445,0.284447,2.1375,-0.248763,0.2337
1774732096.808952,-10.3967,-41.1391,0.286432,2.1375,-0.248763,0.2154
1774732096.812374,-10.3967,-41.1391,0.286432,2.1375,-0.248763,0.2154
1774732096.816467,-10.3967,-41.1391,0.286432,2.1279,-0.064101,0.2154
1774732096.820408,-10.3788,-41.1336,0.287545,2.1279,-0.064101,0.1971
1774732096.824471,-10.3788,-41.1336,0.287545,2.1279,-0.064101,0.1971
1774732096.829182,-10.3608,-41.1282,0.287433,2.1279,-0.064101,0.1786
1774732096.832360,-10.3608,-41.1282,0.287433,2.1279,-0.064101,0.1786
1774732096.836468,-10.3608,-41.1282,0.287433,2.2021,-0.101782,0.1786
1774732096.840468,-10.3426,-41.1230,0.285897,2.2021,-0.101782,0.1601
1774732096.844470,-10.3426,-41.1230,0.285897,2.2021,-0.101782,0.1601
1774732096.849063,-10.3243,-41.1178,0.283088,2.2021,-0.101782,0.1415
1774732096.852445,-10.3243,-41.1178,0.283088,2.2021,-0.101782,0.1415
1774732096.856450,-10.3243,-41.1178,0.283088,2.1775,-0.176913,0.1415
1774732096.860409,-10.3057,-41.1127,0.279775,2.1775,-0.176913,0.1228
1774732096.864368,-10.3057,-41.1127,0.279775,2.1775,-0.176913,0.1228
1774732096.869126,-10.2870,-41.1078,0.275616,2.1775,-0.176913,0.1042
1774732096.872345,-10.2870,-41.1078,0.275616,2.1775,-0.176913,0.1042
1774732096.876353,-10.2870,-41.1078,0.275616,2.2397,-0.107403,0.1042
1774732096.880359,-10.2682,-41.1030,0.270225,2.2397,-0.107403,0.0858
1774732096.884428,-10.2682,-41.1030,0.270225,2.2397,-0.107403,0.0858
1774732096.889143,-10.2491,-41.0985,0.263366,2.2397,-0.107403,0.0677
1774732096.892386,-10.2491,-41.0985,0.263366,2.2397,-0.107403,0.0677
1774732096.896471,-10.2491,-41.0985,0.263366,2.2592,-0.114822,0.0677
1774732096.900472,-10.2298,-41.0942,0.255164,2.2592,-0.114822,0.0504
1774732096.904480,-10.2298,-41.0942,0.255164,2.2592,-0.114822,0.0504
1774732096.909087,-10.2104,-41.0901,0.246676,2.2592,-0.114822,0.0355
1774732096.912365,-10.2104,-41.0901,0.246676,2.2592,-0.114822,0.0355
1774732096.916500,-10.2104,-41.0901,0.246676,2.2849,-0.026734,0.0355
1774732096.920466,-10.1908,-41.0861,0.238728,2.2849,-0.026734,0.0276
1774732096.924499,-10.1908,-41.0861,0.238728,2.2849,-0.026734,0.0276
1774732096.929216,-10.1710,-41.0821,0.231535,2.2849,-0.026734,0.0326
1774732096.932363,-10.1710,-41.0821,0.231535,2.2849,-0.026734,0.0326
1774732096.936453,-10.1710,-41.0821,0.231535,2.2882,-0.032975,0.0326
1774732096.940471,-10.1511,-41.0782,0.224504,2.2882,-0.032975,0.0467
1774732096.944360,-10.1511,-41.0782,0.224504,2.2882,-0.032975,0.0467
1774732096.949204,-10.1311,-41.0744,0.218088,2.2882,-0.032975,0.0643
1774732096.952374,-10.1311,-41.0744,0.218088,2.2882,-0.032975,0.0643
1774732096.956377,-10.1311,-41.0744,0.218088,2.2948,-0.098660,0.0643
1774732096.960452,-10.1109,-41.0706,0.212768,2.2948,-0.098660,0.0833
1774732096.964479,-10.1109,-41.0706,0.212768,2.2948,-0.098660,0.0833
1774732096.969101,-10.0906,-41.0668,0.208561,2.2948,-0.098660,0.1030
1774732096.972363,-10.0906,-41.0668,0.208561,2.2948,-0.098660,0.1030
1774732096.976381,-10.0906,-41.0668,0.208561,2.3524,0.010467,0.1380
1774732096.980369,-10.0702,-41.0630,0.204476,2.3524,0.010467,0.1200
1774732096.984474,-10.0702,-41.0630,0.204476,2.3524,0.010467,0.1200
1774732096.989209,-10.0496,-41.0593,0.199709,2.3524,0.010467,0.1028
1774732096.992373,-10.0496,-41.0593,0.199709,2.3524,0.010467,0.1028
1774732096.996482,-10.0496,-41.0593,0.199709,2.4014,0.056845,0.1028
1774732097.000466,-10.0289,-41.0558,0.194060,2.4014,0.056845,0.0871
1774732097.004416,-10.0289,-41.0558,0.194060,2.4014,0.056845,0.0871
1774732097.009096,-10.0080,-41.0523,0.188405,2.4014,0.056845,0.0738
1774732097.012512,-10.0080,-41.0523,0.188405,2.4014,0.056845,0.0738
1774732097.016471,-10.0080,-41.0523,0.188405,2.4074,0.126577,0.0738
1774732097.020372,-9.9870,-41.0489,0.183480,2.4074,0.126577,0.0648
1774732097.024451,-9.9870,-41.0489,0.183480,2.4074,0.126577,0.0648
1774732097.029112,-9.9658,-41.0454,0.179740,2.4074,0.126577,0.0622
1774732097.032368,-9.9658,-41.0454,0.179740,2.4074,0.126577,0.0622
1774732097.036365,-9.9658,-41.0454,0.179740,2.4550,0.022251,0.0622
1774732097.040469,-9.9446,-41.0418,0.177463,2.4550,0.022251,0.0668
1774732097.044532,-9.9446,-41.0418,0.177463,2.4550,0.022251,0.0668
1774732097.049154,-9.9232,-41.0381,0.176830,2.4550,0.022251,0.0776
1774732097.052413,-9.9232,-41.0381,0.176830,2.4550,0.022251,0.0776
1774732097.056452,-9.9232,-41.0381,0.176830,2.4681,-0.145152,0.0776
1774732097.060475,-9.9017,-41.0343,0.177680,2.4681,-0.145152,0.0925
1774732097.064458,-9.9017,-41.0343,0.177680,2.4681,-0.145152,0.0925
1774732097.069060,-9.8800,-41.0303,0.178910,2.4681,-0.145152,0.1099
1774732097.072364,-9.8800,-41.0303,0.178910,2.4681,-0.145152,0.1099
1774732097.076465,-9.8800,-41.0303,0.178910,2.4789,-0.056341,0.1099
1774732097.080390,-9.8583,-41.0263,0.179624,2.4789,-0.056341,0.1411
1774732097.084409,-9.8583,-41.0263,0.179624,2.4789,-0.056341,0.1411
1774732097.089198,-9.8364,-41.0224,0.179264,2.4789,-0.056341,0.1244
1774732097.092368,-9.8364,-41.0224,0.179264,2.4789,-0.056341,0.1244
1774732097.096467,-9.8364,-41.0224,0.179264,2.5234,-0.057451,0.1244
1774732097.100479,-9.8143,-41.0186,0.177764,2.5234,-0.057451,0.1095
1774732097.104450,-9.8143,-41.0186,0.177764,2.5234,-0.057451,0.1095
1774732097.109326,-9.7921,-41.0148,0.175818,2.5234,-0.057451,0.0974
1774732097.112382,-9.7921,-41.0148,0.175818,2.5234,-0.057451,0.0974
1774732097.116434,-9.7921,-41.0148,0.175818,2.5312,-0.030314,0.0974
1774732097.120395,-9.7698,-41.0111,0.173326,2.5312,-0.030314,0.0893
1774732097.124431,-9.7698,-41.0111,0.173326,2.5312,-0.030314,0.0893
1774732097.129157,-9.7473,-41.0074,0.170751,2.5312,-0.030314,0.0864
1774732097.132367,-9.7473,-41.0074,0.170751,2.5312,-0.030314,0.0864
1774732097.136444,-9.7473,-41.0074,0.170751,2.5947,-0.208614,0.0864
1774732097.140393,-9.7247,-41.0038,0.167858,2.5947,-0.208614,0.0894
1774732097.144411,-9.7247,-41.0038,0.167858,2.5947,-0.208614,0.0894
1774732097.149203,-9.7019,-41.0002,0.165306,2.5947,-0.208614,0.0979
1774732097.152374,-9.7019,-41.0002,0.165306,2.5947,-0.208614,0.0979
1774732097.156449,-9.7019,-41.0002,0.165306,2.5727,0.056525,0.0979
1774732097.160470,-9.6790,-40.9965,0.163442,2.5727,0.056525,0.1107
1774732097.164474,-9.6790,-40.9965,0.163442,2.5727,0.056525,0.1107
1774732097.169058,-9.6560,-40.9929,0.161462,2.5727,0.056525,0.1265
1774732097.172516,-9.6560,-40.9929,0.161462,2.5727,0.056525,0.1265
1774732097.176378,-9.6560,-40.9929,0.161462,2.6200,0.046330,0.1265
1774732097.180419,-9.6328,-40.9894,0.158921,2.6200,0.046330,0.1472
1774732097.184403,-9.6328,-40.9894,0.158921,2.6200,0.046330,0.1472
1774732097.189205,-9.6095,-40.9859,0.156568,2.6200,0.046330,0.1305
1774732097.192372,-9.6095,-40.9859,0.156568,2.6200,0.046330,0.1305
1774732097.196467,-9.6095,-40.9859,0.156568,2.6431,0.084847,0.1305
1774732097.200365,-9.5861,-40.9823,0.155100,2.6431,0.084847,0.1161
1774732097.204522,-9.5861,-40.9823,0.155100,2.6431,0.084847,0.1161
1774732097.209200,-9.5626,-40.9787,0.154965,2.6431,0.084847,0.1053
1774732097.212369,-9.5626,-40.9787,0.154965,2.6431,0.084847,0.1053
1774732097.216469,-9.5626,-40.9787,0.154965,2.6766,0.021565,0.1053
1774732097.220475,-9.5389,-40.9749,0.156448,2.6766,0.021565,0.0992
1774732097.224515,-9.5389,-40.9749,0.156448,2.6766,0.021565,0.0992
1774732097.228902,-9.5152,-40.9708,0.159457,2.6766,0.021565,0.0988
1774732097.232375,-9.5152,-40.9708,0.159457,2.6766,0.021565,0.0988
1774732097.236473,-9.5152,-40.9708,0.159457,2.6757,0.166058,0.0988
1774732097.240428,-9.4913,-40.9667,0.162906,2.6757,0.166058,0.1044
1774732097.244376,-9.4913,-40.9667,0.162906,2.6757,0.166058,0.1044
1774732097.248994,-9.4673,-40.9625,0.165868,2.6757,0.166058,0.1150
1774732097.252336,-9.4673,-40.9625,0.165868,2.6757,0.166058,0.1150
1774732097.256469,-9.4673,-40.9625,0.165868,2.7407,0.016092,0.1150
1774732097.260452,-9.4432,-40.9583,0.168028,2.7407,0.016092,0.1294
1774732097.264440,-9.4432,-40.9583,0.168028,2.7407,0.016092,0.1294
1774732097.269141,-9.4190,-40.9540,0.170224,2.7407,0.016092,0.1467
1774732097.272390,-9.4190,-40.9540,0.170224,2.7407,0.016092,0.1467
1774732097.276395,-9.4190,-40.9540,0.170224,2.7714,0.106397,0.1467
1774732097.280391,-9.3947,-40.9495,0.172936,2.7714,0.106397,0.1395
1774732097.284399,-9.3947,-40.9495,0.172936,2.7714,0.106397,0.1395
1774732097.289346,-9.3702,-40.9450,0.175439,2.7714,0.106397,0.1248
1774732097.292395,-9.3702,-40.9450,0.175439,2.7714,0.106397,0.1248
1774732097.296401,-9.3702,-40.9450,0.175439,2.7737,0.020052,0.1248
1774732097.300410,-9.3456,-40.9405,0.177320,2.7737,0.020052,0.1137
1774732097.304380,-9.3456,-40.9405,0.177320,2.7737,0.020052,0.1137
1774732097.309462,-9.3208,-40.9359,0.179350,2.7737,0.020052,0.1074
1774732097.312383,-9.3208,-40.9359,0.179350,2.7737,0.020052,0.1074
1774732097.316470,-9.3208,-40.9359,0.179350,2.8163,0.107965,0.1074
1774732097.320465,-9.2960,-40.9312,0.181974,2.8163,0.107965,0.1070
1774732097.324440,-9.2960,-40.9312,0.181974,2.8163,0.107965,0.1070
1774732097.328901,-9.2710,-40.9264,0.184439,2.8163,0.107965,0.1124
1774732097.332441,-9.2710,-40.9264,0.184439,2.8163,0.107965,0.1124
1774732097.336458,-9.2710,-40.9264,0.184439,2.8786,0.025751,0.1124
1774732097.340445,-9.2459,-40.9216,0.186307,2.8786,0.025751,0.1231
1774732097.344469,-9.2459,-40.9216,0.186307,2.8786,0.025751,0.1231
1774732097.348939,-9.2207,-40.9166,0.188334,2.8786,0.025751,0.1379
1774732097.352361,-9.2207,-40.9166,0.188334,2.8786,0.025751,0.1379
1774732097.356473,-9.2207,-40.9166,0.188334,2.8757,0.095373,0.1379
1774732097.360357,-9.1953,-40.9116,0.190966,2.8757,0.095373,0.1549
1774732097.364497,-9.1953,-40.9116,0.190966,2.8757,0.095373,0.1549
1774732097.369010,-9.1698,-40.9065,0.193453,2.8757,0.095373,0.1378
1774732097.372379,-9.1698,-40.9065,0.193453,2.8757,0.095373,0.1378
1774732097.376359,-9.1698,-40.9065,0.193453,2.9049,0.029497,0.1378
1774732097.380357,-9.1442,-40.9013,0.195350,2.9049,0.029497,0.2978
1774732097.384475,-9.1442,-40.9013,0.195350,2.9049,0.029497,0.2978
1774732097.388856,-9.1184,-40.8960,0.197412,2.9049,0.029497,0.2734
1774732097.392356,-9.1184,-40.8960,0.197412,2.9049,0.029497,0.2734
1774732097.396504,-9.1184,-40.8960,0.197412,2.9324,0.146197,0.2734
1774732097.400461,-9.0926,-40.8907,0.200085,2.9324,0.146197,0.2494
1774732097.404493,-9.0926,-40.8907,0.200085,2.9324,0.146197,0.2494
1774732097.408914,-9.0666,-40.8852,0.202614,2.9324,0.146197,0.2257
1774732097.412364,-9.0666,-40.8852,0.202614,2.9324,0.146197,0.2257
1774732097.416492,-9.0666,-40.8852,0.202614,2.9591,0.138477,0.2257
1774732097.420482,-9.0405,-40.8797,0.204552,2.9591,0.138477,0.2026
1774732097.424353,-9.0405,-40.8797,0.204552,2.9591,0.138477,0.2026
1774732097.429004,-9.0142,-40.8741,0.206652,2.9591,0.138477,0.1805
1774732097.432378,-9.0142,-40.8741,0.206652,2.9591,0.138477,0.1805
1774732097.436482,-9.0142,-40.8741,0.206652,3.0119,0.054363,0.1805
1774732097.440480,-8.9879,-40.8683,0.209644,3.0119,0.054363,0.1598
1774732097.444583,-8.9879,-40.8683,0.209644,3.0119,0.054363,0.1598
1774732097.448921,-8.9614,-40.8624,0.214024,3.0119,0.054363,0.1413
1774732097.452364,-8.9614,-40.8624,0.214024,3.0119,0.054363,0.1413
1774732097.456352,-8.9614,-40.8624,0.214024,3.0589,-0.017915,0.1413
1774732097.460464,-8.9349,-40.8561,0.219836,3.0589,-0.017915,0.1261
1774732097.464506,-8.9349,-40.8561,0.219836,3.0589,-0.017915,0.1261
1774732097.468952,-8.9082,-40.8497,0.226068,3.0589,-0.017915,0.1156
1774732097.472355,-8.9082,-40.8497,0.226068,3.0589,-0.017915,0.1156
1774732097.476357,-8.9082,-40.8497,0.226068,3.0461,0.125268,0.2728
1774732097.480369,-8.8814,-40.8431,0.231810,3.0461,0.125268,0.2477
1774732097.484467,-8.8814,-40.8431,0.231810,3.0461,0.125268,0.2477
1774732097.489090,-8.8545,-40.8364,0.236438,3.0461,0.125268,0.2230
1774732097.492506,-8.8545,-40.8364,0.236438,3.0461,0.125268,0.2230
1774732097.496465,-8.8545,-40.8364,0.236438,3.0944,0.114985,0.2230
1774732097.500463,-8.8275,-40.8297,0.239812,3.0944,0.114985,0.1991
1774732097.504551,-8.8275,-40.8297,0.239812,3.0944,0.114985,0.1991
1774732097.508984,-8.8003,-40.8229,0.242891,3.0944,0.114985,0.1762
1774732097.512369,-8.8003,-40.8229,0.242891,3.0944,0.114985,0.1762
1774732097.516467,-8.8003,-40.8229,0.242891,3.1044,0.008576,0.1762
1774732097.520380,-8.7730,-40.8159,0.246569,3.1044,0.008576,0.1551
1774732097.524536,-8.7730,-40.8159,0.246569,3.1044,0.008576,0.1551
1774732097.529062,-8.7457,-40.8087,0.251459,3.1044,0.008576,0.1365
1774732097.532387,-8.7457,-40.8087,0.251459,3.1044,0.008576,0.1365
1774732097.536455,-8.7457,-40.8087,0.251459,3.1599,0.126917,0.1365
1774732097.540469,-8.7182,-40.8012,0.257682,3.1599,0.126917,0.1220
1774732097.544466,-8.7182,-40.8012,0.257682,3.1599,0.126917,0.1220
1774732097.548948,-8.6907,-40.7935,0.264261,3.1599,0.126917,0.1130
1774732097.552369,-8.6907,-40.7935,0.264261,3.1599,0.126917,0.1130
1774732097.556603,-8.6907,-40.7935,0.264261,3.1449,0.161558,0.1130
1774732097.560451,-8.6631,-40.7856,0.270594,3.1449,0.161558,0.1110
1774732097.564481,-8.6631,-40.7856,0.270594,3.1449,0.161558,0.1110
1774732097.569036,-8.6354,-40.7775,0.277330,3.1449,0.161558,0.1166
1774732097.572379,-8.6354,-40.7775,0.277330,3.1449,0.161558,0.1166
1774732097.576381,-8.6354,-40.7775,0.277330,3.2088,0.149224,0.2088
1774732097.580370,-8.6077,-40.7691,0.285134,3.2088,0.149224,0.1847
1774732097.584424,-8.6077,-40.7691,0.285134,3.2088,0.149224,0.1847
1774732097.589164,-8.5799,-40.7604,0.294468,3.2088,0.149224,0.1624
1774732097.592394,-8.5799,-40.7604,0.294468,3.2088,0.149224,0.1624
1774732097.596380,-8.5799,-40.7604,0.294468,3.2474,0.159060,0.1624
1774732097.600450,-8.5521,-40.7512,0.305370,3.2474,0.159060,0.1428
1774732097.604470,-8.5521,-40.7512,0.305370,3.2474,0.159060,0.1428
1774732097.608913,-8.5242,-40.7416,0.316805,3.2474,0.159060,0.1272
1774732097.612371,-8.5242,-40.7416,0.316805,3.2474,0.159060,0.1272
1774732097.616471,-8.5242,-40.7416,0.316805,3.3177,0.084873,0.1272
1774732097.620481,-8.4963,-40.7318,0.328094,3.3177,0.084873,0.1173
1774732097.624460,-8.4963,-40.7318,0.328094,3.3177,0.084873,0.1173
1774732097.629061,-8.4683,-40.7216,0.339548,3.3177,0.084873,0.1147
1774732097.632373,-8.4683,-40.7216,0.339548,3.3177,0.084873,0.1147
1774732097.636471,-8.4683,-40.7216,0.339548,3.3180,0.090000,0.1147
1774732097.640464,-8.4403,-40.7111,0.350583,3.3180,0.090000,0.1201
1774732097.644437,-8.4403,-40.7111,0.350583,3.3180,0.090000,0.1201
1774732097.649091,-8.4122,-40.7003,0.360550,3.3180,0.090000,0.1324
1774732097.652445,-8.4122,-40.7003,0.360550,3.3180,0.090000,0.1324
1774732097.656454,-8.4122,-40.7003,0.360550,3.3278,-0.096566,0.1324
1774732097.660440,-8.3840,-40.6894,0.369272,3.3278,-0.096566,0.1500
1774732097.664459,-8.3840,-40.6894,0.369272,3.3278,-0.096566,0.1500
1774732097.668991,-8.3558,-40.6781,0.377409,3.3278,-0.096566,0.1474
1774732097.672371,-8.3558,-40.6781,0.377409,3.3278,-0.096566,0.1474
1774732097.676335,-8.3558,-40.6781,0.377409,3.3487,0.191016,0.1474
1774732097.680379,-8.3275,-40.6667,0.384587,3.3487,0.191016,0.1328
1774732097.684511,-8.3275,-40.6667,0.384587,3.3487,0.191016,0.1328
1774732097.688946,-8.2991,-40.6552,0.390300,3.3487,0.191016,0.1242
1774732097.692366,-8.2991,-40.6552,0.390300,3.3487,0.191016,0.1242
1774732097.696430,-8.2991,-40.6552,0.390300,3.4303,-0.027335,0.1242
1774732097.700484,-8.2706,-40.6435,0.394474,3.4303,-0.027335,0.1230
1774732097.704479,-8.2706,-40.6435,0.394474,3.4303,-0.027335,0.1230
1774732097.708802,-8.2419,-40.6316,0.398130,3.4303,-0.027335,0.1295
1774732097.712348,-8.2419,-40.6316,0.398130,3.3842,0.053469,0.1295
1774732097.716459,-8.2419,-40.6316,0.398130,3.3842,0.053469,0.1295
1774732097.720461,-8.2132,-40.6196,0.401959,3.3842,0.053469,0.1427
1774732097.724498,-8.2132,-40.6196,0.401959,3.3842,0.053469,0.1427
1774732097.728880,-8.1844,-40.6074,0.405369,3.3842,0.053469,0.1612
1774732097.732375,-8.1844,-40.6074,0.405369,3.3842,0.053469,0.1612
1774732097.736589,-8.1844,-40.6074,0.405369,3.5014,0.112439,0.1612
1774732097.740474,-8.1555,-40.5951,0.407966,3.5014,0.112439,0.1463
1774732097.744506,-8.1555,-40.5951,0.407966,3.5014,0.112439,0.1463
1774732097.749062,-8.1265,-40.5826,0.410549,3.5014,0.112439,0.1338
1774732097.752367,-8.1265,-40.5826,0.410549,3.5014,0.112439,0.1338
1774732097.756413,-8.1265,-40.5826,0.410549,3.4784,0.124631,0.1338
1774732097.760488,-8.0974,-40.5699,0.413941,3.4784,0.124631,0.1281
1774732097.764480,-8.0974,-40.5699,0.413941,3.4784,0.124631,0.1281
1774732097.768948,-8.0683,-40.5570,0.418738,3.4784,0.124631,0.1304
1774732097.772362,-8.0683,-40.5570,0.418738,3.4784,0.124631,0.1304
1774732097.776375,-8.0683,-40.5570,0.418738,3.5186,-0.031054,0.2227
1774732097.780388,-8.0392,-40.5437,0.425055,3.5186,-0.031054,0.1977
1774732097.784366,-8.0392,-40.5437,0.425055,3.5186,-0.031054,0.1977
1774732097.789068,-8.0100,-40.5301,0.432187,3.5186,-0.031054,0.1750
1774732097.792370,-8.0100,-40.5301,0.432187,3.5186,-0.031054,0.1750
1774732097.796468,-8.0100,-40.5301,0.432187,3.5244,0.070558,0.1750
1774732097.800465,-7.9808,-40.5163,0.440183,3.5244,0.070558,0.1559
1774732097.804464,-7.9808,-40.5163,0.440183,3.5244,0.070558,0.1559
1774732097.809190,-7.9515,-40.5021,0.448239,3.5244,0.070558,0.1418
1774732097.812492,-7.9515,-40.5021,0.448239,3.5244,0.070558,0.1418
1774732097.816450,-7.9515,-40.5021,0.448239,3.6015,0.037240,0.1418
1774732097.820376,-7.9223,-40.4878,0.455807,3.6015,0.037240,0.1344
1774732097.824449,-7.9223,-40.4878,0.455807,3.6015,0.037240,0.1344
1774732097.828987,-7.8929,-40.4732,0.463288,3.6015,0.037240,0.1350
1774732097.832367,-7.8929,-40.4732,0.463288,3.6015,0.037240,0.1350
1774732097.836466,-7.8929,-40.4732,0.463288,3.6618,0.116142,0.1350
1774732097.840364,-7.8635,-40.4583,0.470146,3.6618,0.116142,0.1435
1774732097.844441,-7.8635,-40.4583,0.470146,3.6618,0.116142,0.1435
1774732097.849051,-7.8340,-40.4433,0.476039,3.6618,0.116142,0.1587
1774732097.852388,-7.8340,-40.4433,0.476039,3.6618,0.116142,0.1587
1774732097.856543,-7.8340,-40.4433,0.476039,3.6603,0.143058,0.1587
1774732097.860445,-7.8044,-40.4280,0.481809,3.6603,0.143058,0.1627
1774732097.864445,-7.8044,-40.4280,0.481809,3.6603,0.143058,0.1627
1774732097.868943,-7.7748,-40.4125,0.488316,3.6603,0.143058,0.1483
1774732097.872336,-7.7748,-40.4125,0.488316,3.6603,0.143058,0.1483
1774732097.876429,-7.7748,-40.4125,0.488316,3.7144,0.216827,0.2898
1774732097.880373,-7.7452,-40.3965,0.496162,3.7144,0.216827,0.2611
1774732097.884455,-7.7452,-40.3965,0.496162,3.7144,0.216827,0.2611
1774732097.888830,-7.7157,-40.3802,0.505497,3.7144,0.216827,0.2338
1774732097.892349,-7.7157,-40.3802,0.505497,3.7144,0.216827,0.2338
1774732097.896492,-7.7157,-40.3802,0.505497,3.6744,-0.032544,0.2338
1774732097.900489,-7.6862,-40.3635,0.515676,3.6744,-0.032544,0.2084
1774732097.904341,-7.6862,-40.3635,0.515676,3.6744,-0.032544,0.2084
1774732097.908947,-7.6567,-40.3464,0.527068,3.6744,-0.032544,0.1861
1774732097.912370,-7.6567,-40.3464,0.527068,3.6744,-0.032544,0.1861
1774732097.916445,-7.6567,-40.3464,0.527068,3.7239,-0.153767,0.1861
1774732097.920482,-7.6274,-40.3288,0.539852,3.7239,-0.153767,0.1681
1774732097.924482,-7.6274,-40.3288,0.539852,3.7239,-0.153767,0.1681
1774732097.928876,-7.5981,-40.3108,0.553071,3.7239,-0.153767,0.1560
1774732097.932364,-7.5981,-40.3108,0.553071,3.7239,-0.153767,0.1560
1774732097.936358,-7.5981,-40.3108,0.553071,3.7949,-0.032501,0.1560
1774732097.940452,-7.5689,-40.2925,0.565771,3.7949,-0.032501,0.1512
1774732097.944478,-7.5689,-40.2925,0.565771,3.7949,-0.032501,0.1512
1774732097.948979,-7.5397,-40.2738,0.577262,3.7949,-0.032501,0.1545
1774732097.952358,-7.5397,-40.2738,0.577262,3.7949,-0.032501,0.1545
1774732097.956475,-7.5397,-40.2738,0.577262,3.8143,-0.225988,0.1545
1774732097.960448,-7.5104,-40.2549,0.587063,3.8143,-0.225988,0.1654
1774732097.964455,-7.5104,-40.2549,0.587063,3.8143,-0.225988,0.1654
1774732097.968909,-7.4812,-40.2357,0.594821,3.8143,-0.225988,0.1826
1774732097.972486,-7.4812,-40.2357,0.594821,3.8143,-0.225988,0.1826
1774732097.976416,-7.4812,-40.2357,0.594821,3.8903,0.015879,0.1915
1774732097.980379,-7.4518,-40.2164,0.600271,3.8903,0.015879,0.1761
1774732097.984383,-7.4518,-40.2164,0.600271,3.8903,0.015879,0.1761
1774732097.989038,-7.4223,-40.1970,0.603226,3.8903,0.015879,0.1668
1774732097.992377,-7.4223,-40.1970,0.603226,3.8903,0.015879,0.1668
1774732097.996449,-7.4223,-40.1970,0.603226,3.8957,0.100012,0.1668
1774732098.000466,-7.3927,-40.1774,0.603845,3.8957,0.100012,0.1647
1774732098.004547,-7.3927,-40.1774,0.603845,3.8957,0.100012,0.1647
1774732098.009117,-7.3629,-40.1578,0.603329,3.8957,0.100012,0.1702
1774732098.012360,-7.3629,-40.1578,0.603329,3.8957,0.100012,0.1702
1774732098.016469,-7.3629,-40.1578,0.603329,3.8922,-0.292979,0.1702
1774732098.020448,-7.3331,-40.1380,0.602821,3.8922,-0.292979,0.1828
1774732098.024467,-7.3331,-40.1380,0.602821,3.8922,-0.292979,0.1828
1774732098.028985,-7.3032,-40.1179,0.603169,3.8922,-0.292979,0.1933
1774732098.032377,-7.3032,-40.1179,0.603169,3.8922,-0.292979,0.1933
1774732098.036461,-7.3032,-40.1179,0.603169,3.9517,-0.247146,0.1933
1774732098.040391,-7.2733,-40.0977,0.604690,3.9517,-0.247146,0.1807
1774732098.044558,-7.2733,-40.0977,0.604690,3.9517,-0.247146,0.1807
1774732098.049013,-7.2433,-40.0772,0.606523,3.9517,-0.247146,0.1748
1774732098.052340,-7.2433,-40.0772,0.606523,3.9517,-0.247146,0.1748
1774732098.056453,-7.2433,-40.0772,0.606523,3.9954,-0.170165,0.1748
1774732098.060467,-7.2132,-40.0566,0.607780,3.9954,-0.170165,0.1764
1774732098.064449,-7.2132,-40.0566,0.607780,3.9954,-0.170165,0.1764
1774732098.069317,-7.1830,-40.0360,0.607798,3.9954,-0.170165,0.1854
1774732098.072343,-7.1830,-40.0360,0.607798,3.9954,-0.170165,0.1854
1774732098.076385,-7.1830,-40.0360,0.607798,4.0283,0.046272,0.1854
1774732098.080378,-7.1526,-40.0153,0.606087,4.0283,0.046272,0.2071
1774732098.084378,-7.1526,-40.0153,0.606087,4.0283,0.046272,0.2071
1774732098.088917,-7.1219,-39.9947,0.602280,4.0283,0.046272,0.1915
1774732098.092363,-7.1219,-39.9947,0.602280,4.0283,0.046272,0.1915
1774732098.096360,-7.1219,-39.9947,0.602280,4.0769,0.159610,0.1915
1774732098.100378,-7.0910,-39.9742,0.596402,4.0769,0.159610,0.1819
1774732098.104444,-7.0910,-39.9742,0.596402,4.0769,0.159610,0.1819
1774732098.109006,-7.0598,-39.9537,0.589565,4.0769,0.159610,0.1795
1774732098.112381,-7.0598,-39.9537,0.589565,4.0769,0.159610,0.1795
1774732098.116378,-7.0598,-39.9537,0.589565,4.0420,-0.048164,0.1795
1774732098.120369,-7.0284,-39.9333,0.582838,4.0420,-0.048164,0.1846
1774732098.124381,-7.0284,-39.9333,0.582838,4.0420,-0.048164,0.1846
1774732098.128983,-6.9969,-39.9128,0.577032,4.0420,-0.048164,0.1969
1774732098.132460,-6.9969,-39.9128,0.577032,4.0420,-0.048164,0.1969
1774732098.136396,-6.9969,-39.9128,0.577032,4.1514,-0.121715,0.1969
1774732098.140346,-6.9652,-39.8923,0.572468,4.1514,-0.121715,0.1941
1774732098.144382,-6.9652,-39.8923,0.572468,4.1514,-0.121715,0.1941
1774732098.149195,-6.9334,-39.8717,0.568285,4.1514,-0.121715,0.1813
1774732098.152315,-6.9334,-39.8717,0.568285,4.1514,-0.121715,0.1813
1774732098.156473,-6.9334,-39.8717,0.568285,4.1823,0.400298,0.1813
1774732098.160338,-6.9012,-39.8512,0.563574,4.1823,0.400298,0.1758
1774732098.164510,-6.9012,-39.8512,0.563574,4.1823,0.400298,0.1758
1774732098.169351,-6.8688,-39.8308,0.557648,4.1823,0.400298,0.1783
1774732098.172352,-6.8688,-39.8308,0.557648,4.1823,0.400298,0.1783
1774732098.176347,-6.8688,-39.8308,0.557648,4.2142,-0.106998,0.2365
1774732098.180354,-6.8361,-39.8106,0.550282,4.2142,-0.106998,0.2104
1774732098.184460,-6.8361,-39.8106,0.550282,4.2142,-0.106998,0.2104
1774732098.188900,-6.8031,-39.7905,0.542399,4.2142,-0.106998,0.1884
1774732098.192374,-6.8031,-39.7905,0.542399,4.2142,-0.106998,0.1884
1774732098.196479,-6.8031,-39.7905,0.542399,4.2533,-0.236818,0.1884
1774732098.200476,-6.7699,-39.7705,0.534666,4.2533,-0.236818,0.1720
1774732098.204463,-6.7699,-39.7705,0.534666,4.2533,-0.236818,0.1720
1774732098.208935,-6.7363,-39.7506,0.526488,4.2533,-0.236818,0.1632
1774732098.212367,-6.7363,-39.7506,0.526488,4.2533,-0.236818,0.1632
1774732098.216450,-6.7363,-39.7506,0.526488,4.2838,-0.005808,0.1632
1774732098.220445,-6.7025,-39.7310,0.517160,4.2838,-0.005808,0.1630
1774732098.224451,-6.7025,-39.7310,0.517160,4.2838,-0.005808,0.1630
1774732098.229121,-6.6682,-39.7116,0.506139,4.2838,-0.005808,0.1717
1774732098.232394,-6.6682,-39.7116,0.506139,4.2838,-0.005808,0.1717
1774732098.236455,-6.6682,-39.7116,0.506139,4.3135,-0.065199,0.1717
1774732098.240465,-6.6336,-39.6926,0.493312,4.3135,-0.065199,0.1718
1774732098.244372,-6.6336,-39.6926,0.493312,4.3135,-0.065199,0.1718
1774732098.248949,-6.5986,-39.6738,0.479690,4.3135,-0.065199,0.1508
1774732098.252374,-6.5986,-39.6738,0.479690,4.3135,-0.065199,0.1508
1774732098.256373,-6.5986,-39.6738,0.479690,4.3089,-0.163897,0.1508
1774732098.260441,-6.5633,-39.6553,0.466286,4.3089,-0.163897,0.1378
1774732098.264459,-6.5633,-39.6553,0.466286,4.3089,-0.163897,0.1378
1774732098.269434,-6.5277,-39.6371,0.453876,4.3089,-0.163897,0.1354
1774732098.272364,-6.5277,-39.6371,0.453876,4.3089,-0.163897,0.1354
1774732098.276356,-6.5277,-39.6371,0.453876,4.3456,-0.219865,0.1354
1774732098.280368,-6.4919,-39.6190,0.442775,4.3456,-0.219865,0.3460
1774732098.284367,-6.4919,-39.6190,0.442775,4.3456,-0.219865,0.3460
1774732098.288888,-6.4557,-39.6012,0.432103,4.3456,-0.219865,0.3063
1774732098.292438,-6.4557,-39.6012,0.432103,4.3456,-0.219865,0.3063
1774732098.296462,-6.4557,-39.6012,0.432103,4.4096,0.152730,0.3063
1774732098.300365,-6.4192,-39.5837,0.420948,4.4096,0.152730,0.2665
1774732098.304481,-6.4192,-39.5837,0.420948,4.4096,0.152730,0.2665
1774732098.308905,-6.3823,-39.5666,0.408607,4.4096,0.152730,0.2267
1774732098.312365,-6.3823,-39.5666,0.408607,4.4096,0.152730,0.2267
1774732098.316480,-6.3823,-39.5666,0.408607,4.3711,0.218127,0.2267
1774732098.320473,-6.3451,-39.5499,0.394772,4.3711,0.218127,0.1870
1774732098.324538,-6.3451,-39.5499,0.394772,4.3711,0.218127,0.1870
1774732098.328956,-6.3075,-39.5337,0.380327,4.3711,0.218127,0.1476
1774732098.332456,-6.3075,-39.5337,0.380327,4.3711,0.218127,0.1476
1774732098.336476,-6.3075,-39.5337,0.380327,4.4482,0.108791,0.1476
1774732098.340477,-6.2696,-39.5179,0.366290,4.4482,0.108791,0.1089
1774732098.344467,-6.2696,-39.5179,0.366290,4.4482,0.108791,0.1089
1774732098.348859,-6.2314,-39.5023,0.353432,4.4482,0.108791,0.0726
1774732098.352357,-6.2314,-39.5023,0.353432,4.4482,0.108791,0.0726
1774732098.356490,-6.2314,-39.5023,0.353432,4.4625,0.172067,0.0726
1774732098.360453,-6.1929,-39.4870,0.342305,4.4625,0.172067,0.0454
1774732098.364391,-6.1929,-39.4870,0.342305,4.4625,0.172067,0.0454
1774732098.369060,-6.1542,-39.4719,0.333334,4.4625,0.172067,0.0475
1774732098.372347,-6.1542,-39.4719,0.333334,4.4625,0.172067,0.0475
1774732098.376356,-6.1542,-39.4719,0.333334,4.5239,0.163410,0.3658
1774732098.380358,-6.1152,-39.4569,0.326852,4.5239,0.163410,0.3253
1774732098.384466,-6.1152,-39.4569,0.326852,4.5239,0.163410,0.3253
1774732098.389046,-6.0761,-39.4420,0.323109,4.5239,0.163410,0.2849
1774732098.392388,-6.0761,-39.4420,0.323109,4.5239,0.163410,0.2849
1774732098.396366,-6.0761,-39.4420,0.323109,4.5093,-0.091175,0.2849
1774732098.400332,-6.0368,-39.4271,0.322275,4.5093,-0.091175,0.2450
1774732098.404464,-6.0368,-39.4271,0.322275,4.5093,-0.091175,0.2450
1774732098.408930,-5.9973,-39.4122,0.324489,4.5093,-0.091175,0.2057
1774732098.412366,-5.9973,-39.4122,0.324489,4.5093,-0.091175,0.2057
1774732098.416467,-5.9973,-39.4122,0.324489,4.5492,0.039100,0.2057
1774732098.420469,-5.9577,-39.3971,0.329557,4.5492,0.039100,0.1678
1774732098.424394,-5.9577,-39.3971,0.329557,4.5492,0.039100,0.1678
1774732098.429456,-5.9181,-39.3819,0.336203,4.5492,0.039100,0.1323
1774732098.432364,-5.9181,-39.3819,0.336203,4.5492,0.039100,0.1323
1774732098.436517,-5.9181,-39.3819,0.336203,4.6149,-0.042339,0.1323
1774732098.440468,-5.8782,-39.3666,0.343179,4.6149,-0.042339,0.1023
1774732098.444437,-5.8782,-39.3666,0.343179,4.6149,-0.042339,0.1023
1774732098.448912,-5.8383,-39.3513,0.349818,4.6149,-0.042339,0.0839
1774732098.452451,-5.8383,-39.3513,0.349818,4.6149,-0.042339,0.0839
1774732098.456455,-5.8383,-39.3513,0.349818,4.5754,0.241373,0.0839
1774732098.460370,-5.7982,-39.3358,0.356434,4.5754,0.241373,0.0854
1774732098.464466,-5.7982,-39.3358,0.356434,4.5754,0.241373,0.0854
1774732098.468938,-5.7580,-39.3203,0.362419,4.5754,0.241373,0.1060
1774732098.472371,-5.7580,-39.3203,0.362419,4.5754,0.241373,0.1060
1774732098.476389,-5.7580,-39.3203,0.362419,4.7009,0.265106,0.3745
1774732098.480376,-5.7176,-39.3048,0.367333,4.7009,0.265106,0.3395
1774732098.484511,-5.7176,-39.3048,0.367333,4.7009,0.265106,0.3395
1774732098.489076,-5.6771,-39.2890,0.371963,4.7009,0.265106,0.3063
1774732098.492418,-5.6771,-39.2890,0.371963,4.7009,0.265106,0.3063
1774732098.496451,-5.6771,-39.2890,0.371963,4.6821,0.207122,0.3063
1774732098.500468,-5.6365,-39.2731,0.377196,4.6821,0.207122,0.2758
1774732098.504337,-5.6365,-39.2731,0.377196,4.6821,0.207122,0.2758
1774732098.509082,-5.5959,-39.2569,0.383736,4.6821,0.207122,0.2489
1774732098.512328,-5.5959,-39.2569,0.383736,4.6821,0.207122,0.2489
1774732098.516531,-5.5959,-39.2569,0.383736,4.7201,-0.072362,0.2489
1774732098.520456,-5.5553,-39.2403,0.392116,4.7201,-0.072362,0.2270
1774732098.524654,-5.5553,-39.2403,0.392116,4.7201,-0.072362,0.2270
1774732098.528983,-5.5146,-39.2233,0.402751,4.7201,-0.072362,0.2115
1774732098.532364,-5.5146,-39.2233,0.402751,4.7201,-0.072362,0.2115
1774732098.536473,-5.5146,-39.2233,0.402751,4.7276,-0.191826,0.2115
1774732098.540378,-5.4740,-39.2058,0.415680,4.7276,-0.191826,0.2041
1774732098.544574,-5.4740,-39.2058,0.415680,4.7276,-0.191826,0.2041
1774732098.549180,-5.4334,-39.1879,0.429803,4.7276,-0.191826,0.2057
1774732098.552390,-5.4334,-39.1879,0.429803,4.7276,-0.191826,0.2057
1774732098.556381,-5.4334,-39.1879,0.429803,4.7851,0.213846,0.2057
1774732098.560331,-5.3929,-39.1695,0.443965,4.7851,0.213846,0.2163
1774732098.564382,-5.3929,-39.1695,0.443965,4.7851,0.213846,0.2163
1774732098.568919,-5.3524,-39.1508,0.457270,4.7851,0.213846,0.2347
1774732098.572369,-5.3524,-39.1508,0.457270,4.7851,0.213846,0.2347
1774732098.576367,-5.3524,-39.1508,0.457270,4.7343,0.175231,0.4092
1774732098.580477,-5.3118,-39.1317,0.469367,4.7343,0.175231,0.3809
1774732098.584457,-5.3118,-39.1317,0.469367,4.7343,0.175231,0.3809
1774732098.589076,-5.2713,-39.1122,0.481116,4.7343,0.175231,0.3555
1774732098.592358,-5.2713,-39.1122,0.481116,4.7343,0.175231,0.3555
1774732098.596397,-5.2713,-39.1122,0.481116,4.8534,-0.344781,0.3555
1774732098.600481,-5.2309,-39.0922,0.493373,4.8534,-0.344781,0.3338
1774732098.604478,-5.2309,-39.0922,0.493373,4.8534,-0.344781,0.3338
1774732098.608849,-5.1906,-39.0716,0.506812,4.8534,-0.344781,0.3164
1774732098.612427,-5.1906,-39.0716,0.506812,4.8534,-0.344781,0.3164
1774732098.616463,-5.1906,-39.0716,0.506812,4.9044,0.127682,0.3164
1774732098.620464,-5.1505,-39.0505,0.521697,4.9044,0.127682,0.3042
1774732098.624473,-5.1505,-39.0505,0.521697,4.9044,0.127682,0.3042
1774732098.628907,-5.1104,-39.0287,0.537120,4.9044,0.127682,0.2979
1774732098.632368,-5.1104,-39.0287,0.537120,4.9044,0.127682,0.2979
1774732098.636571,-5.1104,-39.0287,0.537120,4.9422,0.350652,0.2979
1774732098.640350,-5.0705,-39.0064,0.552110,4.9422,0.350652,0.2981
1774732098.644512,-5.0705,-39.0064,0.552110,4.9422,0.350652,0.2981
1774732098.648952,-5.0306,-38.9836,0.566200,4.9422,0.350652,0.3047
1774732098.652367,-5.0306,-38.9836,0.566200,4.9422,0.350652,0.3047
1774732098.656479,-5.0306,-38.9836,0.566200,4.9234,0.066746,0.3047
1774732098.660482,-4.9909,-38.9602,0.580184,4.9234,0.066746,0.3174
1774732098.664350,-4.9909,-38.9602,0.580184,4.9234,0.066746,0.3174
1774732098.668835,-4.9514,-38.9362,0.594961,4.9234,0.066746,0.3313
1774732098.672351,-4.9514,-38.9362,0.594961,4.9234,0.066746,0.3313
1774732098.676421,-4.9514,-38.9362,0.594961,4.9781,-0.095718,0.4311
1774732098.680361,-4.9121,-38.9115,0.610883,4.9781,-0.095718,0.4060
1774732098.684483,-4.9121,-38.9115,0.610883,4.9781,-0.095718,0.4060
1774732098.688817,-4.8730,-38.8863,0.627106,4.9781,-0.095718,0.3842
1774732098.692348,-4.8730,-38.8863,0.627106,4.9781,-0.095718,0.3842
1774732098.696495,-4.8730,-38.8863,0.627106,5.0200,-0.354528,0.3842
1774732098.700453,-4.8341,-38.8604,0.642705,5.0200,-0.354528,0.3665
1774732098.704568,-4.8341,-38.8604,0.642705,5.0200,-0.354528,0.3665
1774732098.708988,-4.7953,-38.8340,0.656952,5.0200,-0.354528,0.3535
1774732098.712359,-4.7953,-38.8340,0.656952,5.0200,-0.354528,0.3535
1774732098.716483,-4.7953,-38.8340,0.656952,4.8944,-0.158889,0.3535
1774732098.720472,-4.7568,-38.8071,0.669377,4.8944,-0.158889,0.3459
1774732098.724489,-4.7568,-38.8071,0.669377,4.8944,-0.158889,0.3459
1774732098.728813,-4.7183,-38.7799,0.679578,4.8944,-0.158889,0.3443
1774732098.732337,-4.7183,-38.7799,0.679578,4.8944,-0.158889,0.3443
1774732098.736330,-4.7183,-38.7799,0.679578,5.0167,0.049211,0.3443
1774732098.740474,-4.6800,-38.7523,0.687113,5.0167,0.049211,0.3488
1774732098.744474,-4.6800,-38.7523,0.687113,5.0167,0.049211,0.3488
1774732098.749181,-4.6417,-38.7245,0.691660,5.0167,0.049211,0.3592
1774732098.752348,-4.6417,-38.7245,0.691660,5.0167,0.049211,0.3592
1774732098.756613,-4.6417,-38.7245,0.691660,5.0038,-0.165407,0.3592
1774732098.760480,-4.6034,-38.6964,0.693327,5.0038,-0.165407,0.3568
1774732098.764467,-4.6034,-38.6964,0.693327,5.0038,-0.165407,0.3568
1774732098.768909,-4.5652,-38.6680,0.693350,5.0038,-0.165407,0.3528
1774732098.772422,-4.5652,-38.6680,0.693350,5.0038,-0.165407,0.3528
1774732098.776376,-4.5652,-38.6680,0.693350,4.9991,-0.200015,0.5435
1774732098.780363,-4.5270,-38.6394,0.692682,4.9991,-0.200015,0.5087
1774732098.784544,-4.5270,-38.6394,0.692682,4.9991,-0.200015,0.5087
1774732098.788867,-4.4888,-38.6106,0.690925,4.9991,-0.200015,0.4760
1774732098.792358,-4.4888,-38.6106,0.690925,4.9991,-0.200015,0.4760
1774732098.796580,-4.4888,-38.6106,0.690925,5.1662,-0.031368,0.4760
1774732098.800505,-4.4506,-38.5816,0.687474,5.1662,-0.031368,0.4459
1774732098.804456,-4.4506,-38.5816,0.687474,5.1662,-0.031368,0.4459
1774732098.808955,-4.4122,-38.5525,0.681870,5.1662,-0.031368,0.4190
1774732098.812379,-4.4122,-38.5525,0.681870,5.1662,-0.031368,0.4190
1774732098.816482,-4.4122,-38.5525,0.681870,5.0610,-0.201642,0.4190
1774732098.820484,-4.3736,-38.5235,0.674042,5.0610,-0.201642,0.3963
1774732098.824362,-4.3736,-38.5235,0.674042,5.0610,-0.201642,0.3963
1774732098.828815,-4.3348,-38.4945,0.665072,5.0610,-0.201642,0.3784
1774732098.832341,-4.3348,-38.4945,0.665072,5.2153,-0.109851,0.3784
1774732098.836409,-4.3348,-38.4945,0.665072,5.2153,-0.109851,0.3784
1774732098.840456,-4.2960,-38.4654,0.655825,5.2153,-0.109851,0.3662
1774732098.844379,-4.2960,-38.4654,0.655825,5.2153,-0.109851,0.3662
1774732098.848875,-4.2568,-38.4364,0.645849,5.2153,-0.109851,0.3603
1774732098.852340,-4.2568,-38.4364,0.645849,5.2153,-0.109851,0.3603
1774732098.856486,-4.2568,-38.4364,0.645849,5.1685,0.186739,0.3603
1774732098.860490,-4.2174,-38.4075,0.634774,5.1685,0.186739,0.3612
1774732098.864455,-4.2174,-38.4075,0.634774,5.1685,0.186739,0.3612
1774732098.869009,-4.1778,-38.3787,0.623132,5.1685,0.186739,0.3689
1774732098.872353,-4.1778,-38.3787,0.623132,5.1685,0.186739,0.3689
1774732098.876355,-4.1778,-38.3787,0.623132,5.1991,0.045825,0.4850
1774732098.880362,-4.1378,-38.3501,0.610798,5.1991,0.045825,0.4546
1774732098.884436,-4.1378,-38.3501,0.610798,5.1991,0.045825,0.4546
1774732098.888897,-4.0976,-38.3216,0.598546,5.1991,0.045825,0.4279
1774732098.892359,-4.0976,-38.3216,0.598546,5.1991,0.045825,0.4279
1774732098.896353,-4.0976,-38.3216,0.598546,5.2111,-0.170853,0.4279
1774732098.900470,-4.0571,-38.2933,0.587253,5.2111,-0.170853,0.4057
1774732098.904478,-4.0571,-38.2933,0.587253,5.2111,-0.170853,0.4057
1774732098.908933,-4.0164,-38.2651,0.577619,5.2111,-0.170853,0.3886
1774732098.912354,-4.0164,-38.2651,0.577619,5.2111,-0.170853,0.3886
1774732098.916485,-4.0164,-38.2651,0.577619,5.2437,0.090968,0.3886
1774732098.920482,-3.9755,-38.2370,0.569901,5.2437,0.090968,0.3775
1774732098.924484,-3.9755,-38.2370,0.569901,5.2437,0.090968,0.3775
1774732098.929024,-3.9343,-38.2090,0.563141,5.2437,0.090968,0.3729
1774732098.932407,-3.9343,-38.2090,0.563141,5.2437,0.090968,0.3729
1774732098.936467,-3.9343,-38.2090,0.563141,5.1986,-0.428514,0.3729
1774732098.940459,-3.8928,-38.1811,0.556566,5.1986,-0.428514,0.3753
1774732098.944367,-3.8928,-38.1811,0.556566,5.1986,-0.428514,0.3753
1774732098.948875,-3.8512,-38.1535,0.550712,5.1986,-0.428514,0.3845
1774732098.952351,-3.8512,-38.1535,0.550712,5.1986,-0.428514,0.3845
1774732098.956490,-3.8512,-38.1535,0.550712,5.2924,-0.267765,0.3845
1774732098.960510,-3.8093,-38.1259,0.546022,5.2924,-0.267765,0.3861
1774732098.964487,-3.8093,-38.1259,0.546022,5.2924,-0.267765,0.3861
1774732098.968938,-3.7672,-38.0985,0.541689,5.2924,-0.267765,0.3827
1774732098.972364,-3.7672,-38.0985,0.541689,5.2924,-0.267765,0.3827
1774732098.976338,-3.7672,-38.0985,0.541689,5.4097,-0.197266,0.3827
1774732098.980365,-3.7247,-38.0713,0.536811,5.4097,-0.197266,0.5315
1774732098.984368,-3.7247,-38.0713,0.536811,5.4097,-0.197266,0.5315
1774732098.988920,-3.6819,-38.0443,0.530668,5.4097,-0.197266,0.5003
1774732098.992367,-3.6819,-38.0443,0.530668,5.4097,-0.197266,0.5003
1774732098.996506,-3.6819,-38.0443,0.530668,5.4027,-0.053125,0.5003
1774732099.000461,-3.6388,-38.0177,0.522627,5.4027,-0.053125,0.4727
1774732099.004482,-3.6388,-38.0177,0.522627,5.4027,-0.053125,0.4727
1774732099.008908,-3.5952,-37.9914,0.512180,5.4027,-0.053125,0.4497
1774732099.012355,-3.5952,-37.9914,0.512180,5.4027,-0.053125,0.4497
1774732099.016488,-3.5952,-37.9914,0.512180,5.4158,-0.024639,0.4497
1774732099.020482,-3.5511,-37.9655,0.499238,5.4158,-0.024639,0.4320
1774732099.024373,-3.5511,-37.9655,0.499238,5.4158,-0.024639,0.4320
1774732099.028993,-3.5067,-37.9400,0.484881,5.4158,-0.024639,0.4203
1774732099.032383,-3.5067,-37.9400,0.484881,5.4158,-0.024639,0.4203
1774732099.036437,-3.5067,-37.9400,0.484881,5.4109,-0.074756,0.4203
1774732099.040459,-3.4619,-37.9149,0.470249,5.4109,-0.074756,0.4151
1774732099.044478,-3.4619,-37.9149,0.470249,5.4109,-0.074756,0.4151
1774732099.048864,-3.4168,-37.8902,0.456272,5.4109,-0.074756,0.4167
1774732099.052357,-3.4168,-37.8902,0.456272,5.4109,-0.074756,0.4167
1774732099.056471,-3.4168,-37.8902,0.456272,5.4218,-0.135584,0.4167
1774732099.060374,-3.3714,-37.8657,0.443405,5.4218,-0.135584,0.4250
1774732099.064460,-3.3714,-37.8657,0.443405,5.4218,-0.135584,0.4250
1774732099.069152,-3.3256,-37.8416,0.431159,5.4218,-0.135584,0.4397
1774732099.072365,-3.3256,-37.8416,0.431159,5.4218,-0.135584,0.4397
1774732099.076381,-3.3256,-37.8416,0.431159,5.4750,0.043476,0.5232
1774732099.080371,-3.2795,-37.8179,0.419737,5.4750,0.043476,0.5012
1774732099.084475,-3.2795,-37.8179,0.419737,5.4750,0.043476,0.5012
1774732099.089258,-3.2330,-37.7945,0.408413,5.4750,0.043476,0.4843
1774732099.092407,-3.2330,-37.7945,0.408413,5.4750,0.043476,0.4843
1774732099.096458,-3.2330,-37.7945,0.408413,5.4789,-0.055967,0.4843
1774732099.100443,-3.1862,-37.7716,0.396596,5.4789,-0.055967,0.4730
1774732099.104465,-3.1862,-37.7716,0.396596,5.4789,-0.055967,0.4730
1774732099.108955,-3.1390,-37.7491,0.384959,5.4789,-0.055967,0.4678
1774732099.112363,-3.1390,-37.7491,0.384959,5.4789,-0.055967,0.4678
1774732099.116476,-3.1390,-37.7491,0.384959,5.4444,-0.050616,0.4678
1774732099.120360,-3.0915,-37.7270,0.374305,5.4444,-0.050616,0.4689
1774732099.124494,-3.0915,-37.7270,0.374305,5.4444,-0.050616,0.4689
1774732099.129020,-3.0438,-37.7053,0.364987,5.4444,-0.050616,0.4763
1774732099.132375,-3.0438,-37.7053,0.364987,5.4444,-0.050616,0.4763
1774732099.136397,-3.0438,-37.7053,0.364987,5.5022,-0.251547,0.4763
1774732099.140455,-2.9958,-37.6839,0.356478,5.5022,-0.251547,0.4896
1774732099.144345,-2.9958,-37.6839,0.356478,5.5022,-0.251547,0.4896
1774732099.148817,-2.9475,-37.6628,0.348927,5.5022,-0.251547,0.5085
1774732099.152346,-2.9475,-37.6628,0.348927,5.5022,-0.251547,0.5085
1774732099.156521,-2.9475,-37.6628,0.348927,5.5664,0.262702,0.5085
1774732099.160400,-2.8989,-37.6422,0.341572,5.5664,0.262702,0.5325
1774732099.164483,-2.8989,-37.6422,0.341572,5.5664,0.262702,0.5325
1774732099.168848,-2.8499,-37.6219,0.333513,5.5664,0.262702,0.5426
1774732099.172343,-2.8499,-37.6219,0.333513,5.5664,0.262702,0.5426
1774732099.176357,-2.8499,-37.6219,0.333513,5.5758,0.326514,0.6333
1774732099.180359,-2.8006,-37.6022,0.324293,5.5758,0.326514,0.6133
1774732099.184368,-2.8006,-37.6022,0.324293,5.5758,0.326514,0.6133
1774732099.189008,-2.7511,-37.5829,0.314702,5.5758,0.326514,0.5979
1774732099.192438,-2.7511,-37.5829,0.314702,5.5758,0.326514,0.5979
1774732099.196464,-2.7511,-37.5829,0.314702,5.5887,-0.298633,0.5979
1774732099.200450,-2.7012,-37.5640,0.305666,5.5887,-0.298633,0.5872
1774732099.204452,-2.7012,-37.5640,0.305666,5.5887,-0.298633,0.5872
1774732099.208847,-2.6511,-37.5453,0.297945,5.5887,-0.298633,0.5817
1774732099.212367,-2.6511,-37.5453,0.297945,5.5887,-0.298633,0.5817
1774732099.216464,-2.6511,-37.5453,0.297945,5.6713,0.112655,0.5817
1774732099.220483,-2.6007,-37.5270,0.291880,5.6713,0.112655,0.5814
1774732099.224486,-2.6007,-37.5270,0.291880,5.6713,0.112655,0.5814
1774732099.228941,-2.5501,-37.5089,0.286581,5.6713,0.112655,0.5864
1774732099.232352,-2.5501,-37.5089,0.286581,5.6713,0.112655,0.5864
1774732099.236453,-2.5501,-37.5089,0.286581,5.7664,0.375978,0.5864
1774732099.240453,-2.4992,-37.4912,0.281361,5.7664,0.375978,0.5966
1774732099.244357,-2.4992,-37.4912,0.281361,5.7664,0.375978,0.5966
1774732099.249034,-2.4480,-37.4737,0.276793,5.7664,0.375978,0.6119
1774732099.252447,-2.4480,-37.4737,0.276793,5.7664,0.375978,0.6119
1774732099.256357,-2.4480,-37.4737,0.276793,5.7251,0.104087,0.6119
1774732099.260478,-2.3966,-37.4565,0.273556,5.7251,0.104087,0.6317
1774732099.264366,-2.3966,-37.4565,0.273556,5.7251,0.104087,0.6317
1774732099.268882,-2.3450,-37.4393,0.272219,5.7251,0.104087,0.6557
