x,y,vx,yaw,kappa
-28.894712496646097,27.944879981846675,11.270684123720184,-2.9883902906126005,0.04704040346190795
-29.128682365244412,27.907356839993007,11.058441445368457,-2.9764991462465433,0.05342760429354994
-29.356062449787586,27.867970776458936,10.847755823978702,-2.9633936021093925,0.060254787475497944
-29.577151969179624,27.82654082033383,10.638376299236272,-2.949037429159351,0.06748251783169758
-29.79225014232453,27.782886000707038,10.43002311021019,-2.9334042256868686,0.0750516728159118
-30.00165618812632,27.736825346667935,10.222384431866734,-2.9164796624474114,0.08288112475099457
-30.205669325488987,27.688177887305873,10.015112743808185,-2.8982637900445813,0.09086618766123111
-30.404588773316547,27.63676265171022,9.807820778059583,-2.8787732989946893,0.09887823764910877
-30.598713750513003,27.58239866897034,9.600076974228774,-2.858043592424875,0.10676592902712984
-30.78834347598236,27.524904968175594,9.391400342826984,-2.836130505322795,0.11435837883018081
-30.973777168628626,27.464100578415334,9.181254597170689,-2.81311148817374,0.1214705606084357
-31.15531404735581,27.39980452877893,8.969041355918327,-2.7890860727160143,0.1279109264304889
-31.33325333106791,27.331835848355748,8.779584571747872,-2.7641754588079746,0.13349097531998078
-31.507894238668946,27.260013566235145,8.633831408210341,-2.7385211072556817,0.1380361439028666
-31.679535989062913,27.184156711506475,8.530604381481842,-2.712282293377922,0.14139707270723462
-31.84847780115382,27.104084313259108,8.469046251447395,-2.6856326647006115,0.14346007587783316
-32.01501889384567,27.019615400582406,8.448591345161969,-2.658755943135716,0.1441555847703024
-32.17945848604249,26.930569002565733,8.4689454821914,-2.631841003328196,0.14346348989246283
-32.34208323276532,26.836766905896535,8.446150622715397,-2.6049480994149046,0.14423891197231117
-32.50289413259866,26.738093594889122,8.34683154236479,-2.577411867841006,0.1476919603889975
-32.66160835614163,26.634495850164953,8.243916922583445,-2.5490703862498827,0.1514024877245307
-32.81793087580543,26.5259231296786,8.13878416374879,-2.519881637455799,0.1553392608319856
-32.97156666400128,26.412324891384632,8.032778260890819,-2.4898077069522286,0.1594662611600434
-33.12222069314036,26.29365059323762,7.927212326998681,-2.45881553140616,0.1637417618295896
-33.26959793563389,26.16984969319213,7.823368212184207,-2.4268777615655783,0.16811751709007627
-33.41340336389306,26.040871649202735,7.722497042132189,-2.3939737268533645,0.17253812510610275
-33.55334195032908,25.906665919224007,7.625819525288912,-2.3600904813885224,0.1769406394629759
-33.689118667353135,25.767181961210518,7.534525903997084,-2.325223902125993,0.18125451605924642
-33.82043848737645,25.62236923311683,7.449775451285248,-2.2893797995995504,0.18540198738776217
-33.947006382810216,25.47217719289752,7.372695443237674,-2.2525749910400177,0.1892989523132572
-34.06852732606563,25.31655529850715,7.304379567570726,-2.214838275406921,0.1928564529943922
-34.18470628955389,25.1554530079003,7.245885762590773,-2.176211241427566,0.1959827788844796
-34.2952482456862,24.98881977903153,7.198233516892238,-2.13674883465007,0.19858618968955583
-34.399858166873784,24.816605069855417,7.162400698027303,-2.096519609446387,0.20057818630772137
-34.4982410257367,24.638758338679295,7.142702555352565,-2.0556059148661006,0.2016860262278777
-34.59015327487981,24.455315982979233,7.333282709214757,-2.0153016471661394,0.1913392057939047
-34.67554751651758,24.266645656817452,7.51901636994844,-1.9766592740252473,0.18200304160826877
-34.75442306252414,24.073193897321126,7.697419712885688,-1.939523647241712,0.17366418260523098
-34.82677922477359,23.87540724161744,7.866097848217638,-1.9037406251416809,0.1662959959353034
-34.89261531514006,23.673732226833557,8.02276531939396,-1.869158604939576,0.1598645609256027
-34.95193064549766,23.46861539009665,8.165268382011927,-1.835629400144764,0.15433319632746473
-35.00472452772052,23.26050326853389,8.291608757234606,-1.8030086090683974,0.1496658056876954
-35.05099627368274,23.049842399272457,8.399968344821037,-1.771155594379697,0.1458293082969614
-35.09074519525845,22.837079319439525,8.488734200731589,-1.7399331689754345,0.14279538808428682
-35.123970604321755,22.622660566162253,8.55652294466994,-1.7092070617120085,0.14054175230893057
-35.150671812746786,22.407032676567827,8.602203675168415,-1.678845218382574,0.13905305258745979
-35.170848132407656,22.19064218778342,8.624918443444345,-1.6487169787327052,0.13832158565229827
-35.184498875178484,21.973935636936194,8.6240993783195,-1.6186921590712569,0.13834786099560425
-35.191623352933384,21.757359561153333,8.599481664085738,-1.588640061851735,0.1391410966328471
-35.19222087754646,21.541360497562,8.551111746375584,-1.5584284282216094,0.14071968129647405
-35.18629076089186,21.32638498328938,8.47935036660305,-1.5279223468281744,0.14311161963925578
-35.17383231484367,21.112879555462637,8.384870286435838,-1.496983132162452,0.14635495430162507
-35.15488206703923,20.90122557283434,8.47876199512058,-1.4661488839411665,0.14313148251683439
-35.12967112656673,20.69146361106924,8.615508677835498,-1.4363733792371407,0.1386238995250152
-35.09849398488388,20.483523240186376,8.77739337396669,-1.407747858977948,0.13355763379558538
-35.06164516798277,20.277333969722545,8.96546516377281,-1.3803452409839303,0.12801299115347434
-35.01941920185547,20.072825309214544,9.181137797674955,-1.354226551604946,0.12206931954980199
-34.97211061249405,19.869926768199193,9.426291495180417,-1.329441516755315,0.11580241362358198
-34.920013925890565,19.66856785621327,9.70340754379611,-1.3060294024902457,0.10928248813469704
-34.86342366803712,19.46867808279359,10.015750017739096,-1.284020035259663,0.10257272794553149
-34.802634364925765,19.270186957476962,10.367616632927932,-1.2634349361577473,0.09572837715540934
-34.73794054254857,19.073023989800166,10.760469044791835,-1.2442885110792483,0.08879629981214858
-34.66963672689763,18.877118689300023,11.139413897671261,-1.2265892482156182,0.0818149284926224
-34.59801744396498,18.682400565513326,11.505885729844772,-1.2103408845093269,0.07481451258385548
-34.52337721974271,18.488799127976876,11.861073403982713,-1.1955435125634823,0.06781758226579952
-34.4460105802229,18.296243886227476,12.205970844124602,-1.1821946084162664,0.060839553949183764
-34.36621205139761,18.104664349801933,12.541415388180278,-1.170289968155295,0.05388941562028335
-34.28427615925891,17.913990028237038,12.868117313220237,-1.1598245474101534,0.046970444158167216
-34.20049742979888,17.7241504310696,13.186682936338103,-1.1507932023291032,0.0400809198235775
-34.11517038900959,17.535075067836416,13.497632953174445,-1.1431913338300443,0.03321481494095829
-34.028589562883106,17.346693448074294,13.801417188674304,-1.137015438884505,0.026362443920477735
-33.94100985956697,17.158944577742556,14.098438151036666,-1.131638741827302,0.026031373303230288
-33.852487641573774,16.971815054315485,14.38910722566977,-1.1262297619938937,0.026226071246604196
-33.76301720511362,16.785306352599527,14.673811647927257,-1.1207847235852684,0.026418552371720968
-33.672592825364674,16.59941995244251,14.952901854680794,-1.11530396206529,0.026608710073068077
-33.5812087775051,16.414157333692245,15.0,-1.109787826935768,0.02679643711895755
-33.488859336713055,16.229519976196553,15.0,-1.1042366818165277,0.026981625762772347
-33.39553877816672,16.04550935980325,15.0,-1.0986509045133455,0.027164167858593026
-33.30124137704426,15.862126964360169,15.0,-1.0930308870732903,0.027343954981085328
-33.205961408523855,15.679374269715117,15.0,-1.0873770358270325,0.02752087854951059
-33.10969314778365,15.497252755715914,15.0,-1.0816897714176883,0.027694829955702594
-33.01243087000184,15.315763902210383,15.0,-1.0759695288157853,0.027865700695835473
-32.91416885035657,15.13490918904634,15.0,-1.0702167573199495,0.028033382505788414
-32.81490136402601,14.954690096071605,15.0,-1.064431920542933,0.028197767499894062
-32.714622686188335,14.775108103134,15.0,-1.0586154963826218,0.028358748312838255
-32.61332709202171,14.596164690081347,15.0,-1.052767976977683,0.028516218244460687
-32.511008856704315,14.417861336761455,15.0,-1.0468898686475339,0.028670071407186935
-32.407662255414294,14.240199523022149,15.0,-1.0409816918163437,0.028820202875804894
-32.30328156332985,14.063180728711247,15.0,-1.0350439809207999,0.028966508839280647
-32.19786105562911,13.886806433676572,15.0,-1.029077284301403,0.02910888675429212
-32.09139500749026,13.711078117765934,15.0,-1.023082164077084,0.029247235500142604
-31.98387774588614,13.535997253621096,15.0,-1.0170620868196794,0.029265085665119164
-31.875310416148082,13.361564365261383,15.0,-1.0110850797815334,0.028916785190991105
-31.765707713206975,13.18777809158178,15.0,-1.0051794763630884,0.02856955215771574
-31.655085932523715,13.01463684879923,15.0,-0.9993450527666635,0.028223492493500053
-31.543461369559196,12.842139053130687,15.0,-0.9935815711532389,0.02787870530904143
-31.430850319774304,12.670283120793094,15.0,-0.9878887805659596,0.027535283046563386
-31.31726907862995,12.499067468003405,15.0,-0.9822664178333319,0.02719331163300447
-31.20273394158701,12.32849051097856,15.0,-0.9767142084517272,0.026852870636526572
-31.087261204106397,12.158550665935513,15.0,-0.9712318674468974,0.02651403342555809
-30.970867161648997,11.989246349091207,15.0,-0.965819100214291,0.026176867329635155
-30.85356810967571,11.820575976662596,15.0,-0.9604756033380317,0.025841433801351586
-30.73538034364742,11.652537964866626,15.0,-0.9552010653885036,0.025507788578774622
-30.616320159025037,11.485130729920243,15.0,-0.9499951676985459,0.025175981847728367
-30.496403851269445,11.318352688040399,15.0,-0.9448575851183294,0.024846058403390638
-30.375647715841538,11.152202255444037,15.0,-0.939787986749048,0.02451805781069131
-30.254068048202218,10.986677848348108,15.0,-0.934786036655602,0.02419201456304044
-30.13168114381238,10.82177788296956,15.0,-0.9298513945585167,0.023867958238953605
-30.008503298132915,10.657500775525342,15.0,-0.9249837165053699,0.023545913656178967
-29.88455080662472,10.493844942232402,15.0,-0.9201826555220524,0.023225901022965543
-29.759839954586674,10.330808796643849,15.0,-0.9154474370347707,0.022926647280498435
-29.63438535699808,10.16839031446083,15.0,-0.9107660963616342,0.022694152180406282
-29.508198115701713,10.006586550462668,15.0,-0.9061332792762529,0.022461792862369552
-29.38128888861974,9.845394443060833,15.0,-0.9015489299632194,0.022229618924545
-29.253668333674334,9.6848109306668,15.0,-0.8970129859756178,0.021997677539320328
-29.125347108787658,9.524832951692028,15.0,-0.8925253785692964,0.02176601348321523
-28.996335871881882,9.365457444547992,15.0,-0.8880860330326397,0.021534669168332996
-28.86664528087918,9.20668134764616,15.0,-0.8836948690116812,0.02130368467519255
-28.736285993701724,9.048501599398003,15.0,-0.8793518008304219,0.021073097786776976
-28.605268668271677,8.890915138214986,15.0,-0.8750567378062327,0.02084294402364104
-28.47360396251121,8.733918902508586,15.0,-0.8708095845602439,0.020613256679926154
-28.34130253434249,8.57750983069026,15.0,-0.8666102413226289,0.020384066860138005
-28.20837504168769,8.421684861171487,15.0,-0.8624586042327171,0.020155403516548053
-28.07483214246898,8.26644093236373,15.0,-0.8583545656338799,0.019927293487086543
-27.94068449460853,8.111774982678464,15.0,-0.8542980143631458,0.01969976153360103
-27.805942756028507,7.9576839505271515,15.0,-0.8502888360355207,0.019472830380360268
-27.670617584651083,7.804164774321268,15.0,-0.8463269133229983,0.019246520752689778
-27.53471963839842,7.651214392472277,15.0,-0.8424121262282552,0.019020851415630993
-27.3982595751927,7.498829743391651,15.0,-0.8385443523530443,0.018795839212521943
-27.26124805295608,7.347007765490858,15.0,-0.8347234671613024,0.01857149910340305
-27.123695729610738,7.1957453971813665,15.0,-0.8309493442370061,0.01834784420315702
-26.98561302283288,7.045039187461732,15.0,-0.8272233280205707,0.018107948708491212
-26.84700890329446,6.894883339891933,15.0,-0.8235478489430053,0.01786473604131757
-26.707891802536068,6.745271184157873,15.0,-0.8199230355096546,0.017620798887748583
-26.568270151184713,6.596196048464631,15.0,-0.8163489741885357,0.017376186193974175
-26.428152379867406,6.447651261017294,15.0,-0.8128257448505186,0.01713094500058208
-26.28754691921114,6.2996301500209375,15.0,-0.8093534210358774,0.016885120448984183
-26.14646219984294,6.15212604368065,15.0,-0.8059320702191097,0.016638755789934054
-26.004906652389796,6.005132270201507,15.0,-0.8025617540718072,0.016391892394013778
-25.862888707478724,5.858642157788595,15.0,-0.7992425287233614,0.016144569763970492
-25.72041679573673,5.712649034646994,15.0,-0.7959744450193147,0.015896825548785007
-25.577499347790813,5.567146228981786,15.0,-0.7927575487771693,0.015648695559357988
-25.43414479426798,5.422127068998052,15.0,-0.7895918810394871,0.015400213785701732
-25.290361565795248,5.277584882900877,15.0,-0.7864774783241194,0.015151412415528595
-25.146158092999613,5.133512998895339,15.0,-0.783414372871422,0.014902321854130417
-25.001542806508088,4.989904745186521,15.0,-0.7804025928883218,0.014652970745446562
-24.856524136947677,4.846753449979505,15.0,-0.7774421627891089,0.014403385994221468
-24.711110514945382,4.704052441479373,15.0,-0.7745331034328442,0.014153592789156405
-24.565310371128216,4.561795047891208,15.0,-0.7716754323572772,0.013903614626963446
-24.419132136123185,4.419974597420093,15.0,-0.7688691640091847,0.013653473337233523
-24.272584240557293,4.2785844182711035,15.0,-0.7661143099710446,0.013403189108034034
-24.125675115057547,4.137617838649327,15.0,-0.7634108791839727,0.013152780512155217
-23.97841319025095,3.9970681867598445,15.0,-0.7607588781668546,0.012902264533928324
-23.83080689676451,3.8569287908077365,15.0,-0.7581583112316207,0.012651656596542165
-23.682864651127197,3.7171929678333067,15.0,-0.7556090622363223,0.012407006579986389
-23.534591544281955,3.5778514012190383,15.0,-0.7531070459813192,0.012185557658799993
-23.385985074705847,3.438888761585403,15.0,-0.7506506483837463,0.01196052661088154
-23.23704168626498,3.3002888843664087,15.0,-0.7482403987810727,0.011732073016029427
-23.087757822825452,3.1620356049960714,15.0,-0.7458768047005943,0.01150035874732738
-22.938129928253353,3.024112758908385,15.0,-0.7435603516394519,0.011265547715519037
-22.78815444641478,2.8865041815373615,15.0,-0.7412915028706555,0.011027805613671863
-22.63782782117583,2.749193708317009,15.0,-0.7390706992749351,0.010787299662780726
-22.487146496402598,2.612165174681332,15.0,-0.7368983591982023,0.010544198358939404
-22.33610691596119,2.4754024160643393,15.0,-0.7347748783343444,0.010298671222683776
-22.184705523717692,2.3388892679000377,15.0,-0.7327006296330373,0.010050888551084323
-22.032938763538205,2.2026095656224323,15.0,-0.7306759632322137,0.009801021173138089
-21.88080307928882,2.0665471446655315,15.0,-0.728701206414784,0.009549240208981234
-21.728294914835647,1.930685840463341,15.0,-0.7267766635891693,0.009295716833413558
-21.57541071404477,1.7950094884498686,15.0,-0.7249026162931702,0.009040622044195491
-21.422146920782296,1.659501924059125,15.0,-0.7230793232206618,0.008784126435546609
-21.268499978914313,1.5241469827251082,15.0,-0.7213070202705745,0.008526399977242955
-21.114466332306915,1.3889284998818296,15.0,-0.7195859206175929,0.008267611799678281
-20.96004242482621,1.253830310963296,15.0,-0.7179162148039839,0.008007929985222048
-20.80522470033828,1.118836251403514,15.0,-0.7162980708519349,0.00774752136617501
-20.650009602709236,0.9839301566364906,15.0,-0.7147316343957709,0.00748655132959145
-20.494393575805166,0.8490958620962327,15.0,-0.7132170288334005,0.007225183629205429
-20.338373063492167,0.7143172032167466,15.0,-0.7117543554963223,0.006963580204667897
-20.181949234510686,0.5795764551237313,15.0,-0.7104399507365468,0.005254637433543729
-20.025183123653253,0.44483612321113175,15.0,-0.7096120161491472,0.0027592463856281496
-19.868176871595477,0.3100451383635703,15.0,-0.7092979100989361,0.00027916655806036557
-19.71103342480949,0.17515216536525882,15.0,-0.7094959947008707,-0.002190478572927909
-19.553855729767424,0.0401058690004139,15.0,-0.7102052992628856,-0.00465451250614962
-19.396746732941402,-0.09514508594676196,15.0,-0.7114255142613384,-0.007117697696440295
-19.23980938080356,-0.23065203469205214,15.0,-0.7131569834639572,-0.00958472727255006
-19.083146619826028,-0.3664663124512449,15.0,-0.7154006941494854,-0.012060216001280759
-18.926861396480938,-0.502639254440128,15.0,-0.7181582653150117,-0.014548690013239008
-18.771056657240415,-0.6392221958744897,14.907824482606992,-0.7214319337043836,-0.017054574806273277
-18.615835348576603,-0.7762664719701186,14.768276310432185,-0.7252245374337833,-0.019582181038926512
-18.46130041696162,-0.913823417942802,14.62751551041262,-0.7295394969332337,-0.022135687619228798
-18.307554808867604,-1.0519443690083286,14.485533584440669,-0.734380792865402,-0.024719121585325438
-18.15470147076668,-1.1906806603824862,14.342320354389507,-0.7397529406256418,-0.027336334265579184
-18.002843349130984,-1.3300836272810632,14.197863743346234,-0.7456609609699965,-0.0299909731991068
-17.852083390432643,-1.4702046049198472,14.052149538070173,-0.7521103462614489,-0.03268644929590534
-17.702524541143795,-1.6110949285146219,13.905161130558977,-0.7591070217698126,-0.03542589872205089
-17.554269747736562,-1.7528059332811847,13.756879236378353,-0.7666573014085262,-0.038212139013814
-17.407421956683084,-1.8953889544353202,13.607281587153269,-0.7747678372438216,-0.04104761895953931
-17.26208411445548,-2.0388953271928147,13.456342594323207,-0.7834455620703583,-0.043934361845146104
-17.118359167525888,-2.1833763867694573,13.304032980925491,-0.7926976243150693,-0.046873901744229035
-16.976349564762085,-2.3288835220573314,13.150319084275669,-0.8025219214001887,-0.04968247420015705
-16.836146527770122,-2.475469333026788,12.995156054411117,-0.8128691198721204,-0.052346147595374856
-16.697830170489866,-2.6231876178257423,12.838487275450667,-0.8237341468176694,-0.05503876560126215
-16.561480133176754,-2.772092225698176,12.680250014071682,-0.8351204869511574,-0.05775709099258654
-16.427176056086267,-2.92223700588807,12.52037512039104,-0.8470311310957404,-0.060497156774695145
-16.294997579473847,-3.0736758076394044,12.358786392781816,-0.8594684792566998,-0.06325421506006454
-16.16502434359497,-3.2264624801961537,12.195399874851192,-0.8724342378631713,-0.06602268967020845
-16.03733598870507,-3.38065087280231,12.030123075257269,-0.8859293116842215,-0.0687961343105783
-15.912012155059621,-3.536294834701847,11.862854099355067,-0.8999536911276746,-0.07156719841340717
-15.789132482914077,-3.6934482151387473,11.693480679586319,-0.9145063358560954,-0.07432760296833954
-15.668776612523896,-3.8521648633569896,11.521879088960645,-0.929585055901038,-0.07706812884531943
-15.551024184144538,-4.0124986286005555,11.347912918780812,-0.945186391719658,-0.07977862023778926
-15.435954838031458,-4.174503360113425,11.171431697764735,-0.9613054949106217,-0.08244800589358554
-15.323648214440116,-4.338232907139578,10.998291432740901,-0.9779360115804241,-0.08506434073149054
-15.214183953625973,-4.503741118922996,10.837027038450387,-0.9950699706160313,-0.08761487023890487
-15.107641695844482,-4.671081844707659,10.687354016995526,-1.0126976793623457,-0.09008611968849987
-15.0041010813511,-4.840308933737548,10.549037511790122,-1.0308076294086586,-0.09246400968176496
-14.903641750401295,-5.011476235256643,10.42188602557514,-1.049386415340836,-0.09473399881554904
-14.806343343250518,-5.1846375985089175,10.305745910308545,-1.0684186693986808,-0.09688125337519736
-14.712285500154223,-5.359846872738365,10.200496502201142,-1.0878870149740871,-0.098890842899473
-14.621547861367874,-5.537157907188961,10.106045799843423,-1.1077720417800974,-0.10074795926872679
-14.534210067146928,-5.716624551104684,10.022326603273429,-1.1280523053013887,-0.10243815568641582
-14.450351757746843,-5.898300653729517,9.949293047985355,-1.148704352794824,-0.10394760061951702
-14.370052573320008,-6.08224006403608,9.889992529020105,-1.1697026371917945,-0.105197892017079
-14.293380850943715,-6.268466871985245,9.97518162047487,-1.1907068257192677,-0.10340874550776513
-14.220362517387843,-6.456893508646416,10.056696918016643,-1.211433223343257,-0.10173914894494804
-14.151013554437123,-6.647406221689559,10.134220449517157,-1.2319011182338944,-0.10018854360839813
-14.085349943876274,-6.839891258784644,10.207453087511286,-1.2521297755227214,-0.09875609525773273
-14.023387667490026,-7.034234867601639,10.276115606714404,-1.272138402676681,-0.09744076230416764
-13.965142707063102,-7.230323295810505,10.339949690618946,-1.2919461226145834,-0.09624135499880358
-13.91063104438022,-7.428042791081223,10.398718877669019,-1.3115719536074335,-0.095156586360987
-13.859868661226116,-7.627279601083756,10.452209437540033,-1.3310347950696988,-0.09418511556442966
-13.812871539385503,-7.827919973488072,10.500231168306787,-1.350353418414219,-0.0933255844706941
-13.769655660643112,-8.029850155964137,10.542618105763703,-1.3695464622068556,-0.09257664795569524
-13.73023700678367,-8.23295639618192,10.57922913685542,-1.3886324309166689,-0.09193699862006656
-13.694631559591894,-8.437124941811392,10.609948510069104,-1.407629696612227,-0.09140538641251653
-13.662855300852515,-8.64224204052252,10.634686236710543,-1.4265565030038447,-0.09098063362964047
-13.634924212350253,-8.84819393998527,10.653378378208615,-1.445430971274652,-0.09066164568827469
-13.610854275869835,-9.054866887869613,10.66598721593703,-1.4642711071801082,-0.09044741799899382
-13.590661473195986,-9.262147131845515,10.672501301474968,-1.4830948089258156,-0.09033703920289453
-13.574361786113432,-9.469920919582943,10.672935386713556,-1.5019198753572616,-0.09032969096917548
-13.561971196406892,-9.678074498751865,10.667330234716356,-1.5207640140125296,-0.0904246444887591
-13.553505685861095,-9.886494117022254,10.655752313721536,-1.5396448486002747,-0.0906212537397162
-13.548981236260763,-10.095066022064078,10.6382933780958,-1.5585799254705874,-0.0909189455438814
-13.548413829390622,-10.303676461547303,10.615069941380572,-1.5775867186461172,-0.09131720638114793
-13.551819447035399,-10.512211683141892,10.586222647779314,-1.596682632975324,-0.0918155658789267
-13.559211464592709,-10.720559766113851,10.628741683876168,-1.615812008128476,-0.09108243239169428
-13.570550902085996,-10.928645581614377,10.742001412368705,-1.6345946752581328,-0.08917185727278751
-13.585750323651965,-11.136428052378717,10.860038108822831,-1.6529721995701474,-0.08724396933303499
-13.604720468402665,-11.343867383648414,10.982652780819938,-1.670944125406159,-0.08530676929960941
-13.62737207545014,-11.550923780665013,11.109648669746129,-1.6885110637667289,-0.08336758735646757
-13.653615883906438,-11.757557448670061,11.240831581589164,-1.7056745976262757,-0.08143308311280396
-13.683362632883606,-11.963728592905113,11.376010196992654,-1.7224371886926464,-0.07950925521083185
-13.716523061493687,-12.169397418611702,11.514996363111273,-1.7388020865743465,-0.077601458910497
-13.75300790884873,-12.374524131031393,11.657605370132515,-1.7547732411367816,-0.0757144300746928
-13.792727914060782,-12.579068935405724,11.803656215619174,-1.7703552186596851,-0.07385231409665963
-13.835593816241891,-12.782992036976246,11.952971860091976,-1.7855531222536183,-0.07201869845029578
-13.8815163545041,-12.986253640984502,12.105379477524458,-1.8003725168553708,-0.07021664769451062
-13.930406267959455,-13.188813952672046,12.260710704673238,-1.8148193590008714,-0.06844873991667062
-13.982174295720005,-13.390633177280417,12.418801893428803,-1.8288999314696985,-0.06671710375146944
-14.036731176897797,-13.591671520051168,12.579494370656741,-1.8426207828068608,-0.06502345525561408
-14.093987650604875,-13.791889186225848,12.742634710321097,-1.8559886716542175,-0.06336913405233963
-14.153854455953285,-13.991246381045997,12.908075023054588,-1.869010515764508,-0.06175513828091815
-14.216242332055076,-14.18970330975317,13.075673268780633,-1.8816933455240592,-0.06018215799393549
-14.281062018022292,-14.387220177588903,13.245293598518042,-1.8940442617744293,-0.05865060673885079
-14.34822425296698,-14.58375718979476,13.416806732130835,-1.906070397697067,-0.05716065114048349
-14.417639776001188,-14.779274551612279,13.590090379547235,-1.9177788845071044,-0.05571223836824471
-14.489219326236963,-14.973732468283009,13.765029713891828,-1.9291768206913935,-0.05430512142707143
-14.562874887687903,-15.167094966563548,13.951702838126979,-1.9402665143569424,-0.05286161680575307
-14.638532627873444,-15.359369612782617,14.155000502348205,-1.9510340065120912,-0.05135406870385052
-14.716127729819709,-15.550591648464934,14.37267386322807,-1.9614731133865473,-0.04981030856081563
-14.795595520854699,-15.740796758103382,14.605648019484399,-1.971579062679508,-0.04823390549853106
-14.876871328306397,-15.930020626190839,14.854985508809595,-1.9813475745871776,-0.04662827122146046
-14.959890479502802,-16.118298937220185,15.0,-1.9907748360325068,-0.04499664635144088
-15.044588301771904,-16.3056673756843,15.0,-1.9998574737925103,-0.04334208973787906
-15.130900122441696,-16.492161626076065,15.0,-2.0085925268543723,-0.041667470573529305
-15.218761268840167,-16.677817372888356,15.0,-2.0169774183078393,-0.03997546312046608
-15.308107068295316,-16.86267030061406,15.0,-2.025009927056086,-0.038268543833296434
-15.398872848135133,-17.04675609374606,15.0,-2.032688159601022,-0.036548990656333845
-15.49099393568761,-17.230110436777224,15.0,-2.0400105221325573,-0.03481888426751137
-15.584405658280742,-17.412769014200443,15.0,-2.0469756931252197,-0.03308011104335045
-15.679043343242519,-17.59476751050859,15.0,-2.0535825966201533,-0.031334367525405776
-15.774842317900932,-17.776141610194546,15.0,-2.059830376346348,-0.029583166178391462
-15.871737909583977,-17.9569269977512,15.0,-2.065718370812194,-0.027827842242826358
-15.969665445619647,-18.13715935767142,15.0,-2.07124608947739,-0.02606956149975079
-16.068560253335928,-18.316874374448094,15.0,-2.0764131900959435,-0.024309328781180094
-16.16835766006082,-18.496107732574096,15.0,-2.081219457303639,-0.022547997076875388
-16.268992993122314,-18.674895116542313,15.0,-2.0856647825078807,-0.020786277105218867
-16.370401579848398,-18.853272210845613,15.0,-2.089749145124282,-0.019024747233055764
-16.47251876242571,-19.03127470290744,15.0,-2.093473231419022,-0.017287490992143634
-16.575281481174788,-19.208938595348652,15.0,-2.0968499355565253,-0.015617024371668843
-16.678629678200007,-19.38630048282725,15.0,-2.0998842976537557,-0.01394688193339098
-16.7825036266661,-19.563397025295743,15.0,-2.10257636267358,-0.012277457872287097
-16.886843599737787,-19.74026488270663,15.0,-2.1049262243802507,-0.010609072367226772
-16.991589870579805,-19.916940715012426,15.0,-2.106934015841925,-0.008941980423976615
-17.096682712356884,-20.093461182165637,15.0,-2.1085999011412144,-0.0072763807500077745
-17.20206239823375,-20.269862944118774,15.0,-2.1099240682959244,-0.005612424634883306
-17.307669201375134,-20.44618266082434,15.0,-2.1109067233896366,-0.003950224816282597
-17.413443394945762,-20.622456992234845,15.0,-2.1115480859098854,-0.002289864317016671
-17.519325252110367,-20.798722598302792,15.0,-2.111848385290338,-0.0006314052426934266
-17.625255046033672,-20.975016138980703,15.0,-2.111807858652421,0.0010251024669936557
-17.731173049880415,-21.151374274221073,15.0,-2.111426749741223,0.0026796123380475245
-17.83701953681532,-21.32783366397642,15.0,-2.1107053090500423,0.0043320727163588865
-17.94273478000312,-21.504430968199237,15.0,-2.109643795127625,0.005982418179246678
-18.048259052608543,-21.681202846842048,15.0,-2.1082424770617827,0.007630561007838579
-18.153532627796316,-21.858185959857355,15.0,-2.106501638132613,0.009276382725263144
-18.25849577873117,-22.035416967197662,15.0,-2.1044215806278763,0.010919725708020755
-18.363088778577833,-22.212932528815482,15.0,-2.102002631812085,0.01256038488119031
-18.467251900501033,-22.39076930466332,15.0,-2.099245151039464,0.014198099512290488
-18.5709254176655,-22.568963954693682,15.0,-2.0961495379990303,0.01583254512361863
-18.674049600574058,-22.747553138848684,15.0,-2.092715862380272,0.01750507876267762
-18.77655973003982,-22.92657349756837,15.0,-2.088887859023916,0.019607038234712302
-18.878375738237647,-23.10606161130318,15.0,-2.084625010490468,0.021708375888510198
-18.979414615710375,-23.28605404900626,15.0,-2.079927285577187,0.023809239876124797
-19.07959335300084,-23.466587379630763,15.0,-2.074794645287996,0.02590959285771869
-19.178828940651872,-23.64769817212984,15.0,-2.069227069586611,0.02800919438853358
-19.27703836920631,-23.82942299545663,15.0,-2.063224586604894,0.030107583300247785
-19.374138629206968,-24.01179841856427,15.0,-2.0567873043015767,0.03220406020111774
-19.47004671119671,-24.194861010405944,14.988358566825971,-2.0499154445506402,0.034297670258315024
-19.56467960571836,-24.378647339934787,14.84979831116599,-2.0426093796183244,0.03638718646765704
-19.65795430331475,-24.563193976103943,14.709892122008421,-2.03486967096262,0.038471093660010655
-19.74978779452871,-24.748537487866567,14.568596013896954,-2.0266971102589673,0.04054757353931229
-19.840097069903088,-24.93471444417581,14.425862394637262,-2.018092762520576,0.04261449109345441
-19.928799119980702,-25.121761413984824,14.281639759306364,-2.0090580111412213,0.04466938276499095
-20.015810935304405,-25.309714966246748,14.135872359092385,-1.9995946046426556,0.0467094468121649
-20.101049506417016,-25.49861166991474,13.98849984216402,-1.989704704858126,0.0487315363302889
-20.18443182386137,-25.68848809394195,13.83945686336119,-1.979390936228355,0.05073215543682083
-20.265874878180316,-25.879380807281525,13.688672659013937,-1.9686564358273708,0.05270745914807541
-20.345295659916676,-26.071326378886614,13.536070582619178,-1.9575049036736925,0.05465325748865679
-20.42261115961329,-26.264361377710372,13.381567596413662,-1.9459406528187866,0.056565024373466236
-20.49773836781299,-26.458522372705943,13.225073713051263,-1.9339686586409008,0.058437911783553655
-20.570594275058603,-26.653845932826478,13.066491380591103,-1.9215946067101655,0.06026676971824968
-20.64109508500837,-26.850364020659363,12.91124108057015,-1.908844830050231,0.06172485466810942
-20.709143528917846,-27.04802973231883,12.774554556314229,-1.8958069933856145,0.06302983591414464
-20.774631023378724,-27.24672992869296,12.609717274550574,-1.8824719056359804,0.0644700790281721
-20.8374486337714,-27.44634941470429,12.442651122251245,-1.8688173453037986,0.06604940799870374
-20.89748742547627,-27.646772995275363,12.273349450673901,-1.854820508804583,0.06777218428838422
-20.95463846387373,-27.84788547532872,12.101801569537754,-1.8404579581466007,0.06964326873983616
-21.00879281434418,-28.04957165978691,11.927992254691462,-1.8257055749061522,0.07166797840047513
-21.05984154226801,-28.25171635357247,11.751901186337268,-1.8105385214908931,0.07385203577613877
-21.107675713025618,-28.454204361607925,11.573502307014856,-1.794931210970004,0.07620150772297928
-21.15218639199741,-28.656920488815846,11.392763086628294,-1.7788572870681967,0.07872273083385467
-21.193264644563776,-28.859749540118766,11.209643679475473,-1.7622896162736421,0.0814222197763309
-21.23080153610512,-29.062576320439227,11.02409595540966,-1.7452002943995302,0.08430655460618483
-21.26468813200183,-29.265285634699765,10.83606238379722,-1.7275606703652464,0.0873822426317954
-21.294815497634296,-29.46776228782293,10.6454747446605,-1.7093413904231076,0.09065554996968206
-21.321074698382937,-29.66989108473126,10.452252636083815,-1.6905124665439273,0.09413229755133043
-21.343356799628125,-29.87155683034729,10.256301740308444,-1.671043373177729,0.09781761607480557
-21.36155286675028,-30.072644329593572,10.057858304386277,-1.6509031771065386,0.10171565432080926
-21.375553965129786,-30.273038387392642,9.860448409334973,-1.6300607055775256,0.10582923547602295
-21.38525115496206,-30.47262386457134,9.662485289212515,-1.60848400503227,0.1102101163161626
-21.390532993466348,-30.6713126089848,9.460520663033122,-1.5861055232187553,0.11496595148779554
-21.391281522325077,-30.869086718847498,9.272684260055309,-1.5629015129548105,0.11967088963438686
-21.38737773653639,-31.065939577698426,9.098877794966235,-1.5388828793368292,0.12428649314813879
-21.37870263109843,-31.261864569076568,8.93905023171601,-1.5140656007889075,0.12877067277202633
-21.365137201009343,-31.4568550765209,8.79319120608386,-1.4884711303696603,0.13307816247041454
-21.34656244126727,-31.65090448357041,8.661324972798344,-1.4621267383706025,0.1371611946970222
-21.322859346870366,-31.84400617376408,8.543504784922014,-1.4350657760210968,0.14097038247396335
-21.29390891281676,-32.03615353064089,8.439807639076426,-1.407327839918663,0.14445580203526143
-21.259592134104608,-32.22733993773983,8.350329342537323,-1.378958817807916,0.14756825454605332
-21.219790005732044,-32.41755877859986,8.275179877635345,-1.3500107987279573,0.15026066858539214
-21.17438352269722,-32.60680343675999,8.214479055361874,-1.3205418344343938,0.1524895881744211
-21.123253679998275,-32.7950672957592,8.16835246352968,-1.290615544345704,0.1542166760406391
-21.066281472633364,-32.98234373913645,8.136927725101668,-1.2603005628751094,0.15541015062486352
-21.003347895600616,-33.16862615043074,8.120331089189644,-1.2296698355329503,0.15604607004548637
-20.93433394389818,-33.35390791318105,8.118684380612777,-1.1987997781135158,0.15610937835913274
-20.859120612524205,-33.53818241092636,8.132102333798981,-1.1677693209950752,0.15559463972147952
-20.77759402336042,-33.721439676222325,8.21908117435541,-1.1367633149520864,0.15231886754443333
-20.689782034780574,-33.90357710120959,8.372705592776263,-1.1065337863756382,0.14678054401863336
-20.595868891163544,-34.08438986254284,8.517936282608368,-1.077142355976258,0.14181796732284657
-20.496046902562743,-34.26366786506973,8.65354167957619,-1.0485032360412385,0.13740804245625882
-20.390508379031576,-34.44120101363788,8.778376395422919,-1.0205329011796391,0.1335277231046677
-20.27944563062346,-34.61677921309495,8.891390140817583,-0.9931501271518072,0.13015486988577224
-20.163050967391793,-34.79019236828858,8.991636424331972,-0.9662759293503905,0.12726887481058247
-20.041516699389998,-34.96123038406642,9.078280815471912,-0.9398334249125874,0.12485110467062766
-19.91503513667148,-35.129683165276084,9.150608551531288,-0.9137476377158171,0.12288520661242115
-19.783798589289642,-35.29534061676525,9.208031271244563,-0.8879452615584922,0.12135731049688574
-19.6479993672979,-35.45799264338155,9.250092672824843,-0.8623543936169696,0.12025615499684289
-19.50782978074966,-35.61742914997264,9.27647291938154,-0.8369042477377965,0.11957315778358292
-19.363482139698338,-35.773440041386124,9.286991649688657,-0.8115248552030216,0.11930244449526675
-19.21514875419734,-35.92581522246969,9.281609495006611,-0.7861467592317882,0.1194408463023511
-19.063021934300075,-36.07434459807095,9.26042805083073,-0.7607007086001754,0.1199878715960442
-18.907293990059955,-36.21881807303758,9.223688303371883,-0.7351173553336153,0.12094565342367274
-18.748157231530385,-36.35902555221718,9.171767561413859,-0.7093269614276092,0.1223188705805164
-18.58580396876478,-36.494756940457435,9.10517499210819,-0.6832591199736207,0.124114636550105
-18.420426506116666,-36.625802176011305,9.04129795875223,-0.6568465067970041,0.12587459290978645
-18.252203893219278,-36.752028879207074,9.168418127322692,-0.6307317524376234,0.12240825943161489
-18.081273607129997,-36.87354831519497,9.311677234974182,-0.6054465283960406,0.1186707276669603
-17.907764995961216,-36.990519390516425,9.471309328278227,-0.5810247688955703,0.11470418545692833
-17.73180740782535,-37.10310101171289,9.64765696818373,-0.5574944120672638,0.11054916272425108
-17.553530190834806,-37.211452085325774,9.841193736689528,-0.5348777705690329,0.1062437624205553
-17.37306269310199,-37.31573151789651,10.052551401818382,-0.5131919726958518,0.10182307836412986
-17.19053426273931,-37.416098215966535,10.282553156786415,-0.4924494526199613,0.09731879067838618
-17.006074247859182,-37.51271108607728,10.53225486052345,-0.47265847034811836,0.09275892172080233
-16.819811996574003,-37.605729034770185,10.802996928778192,-0.45382364448290585,0.08816773048132577
-16.63187685699619,-37.695310968586654,11.096470562693263,-0.43594648365625077,0.08356572108418078
-16.442398177238147,-37.78161579406815,11.414803520189418,-0.4190259053415482,0.07896974075900938
-16.251505305412277,-37.86480241775608,11.760672900753535,-0.40305873347504584,0.07439314391893188
-16.059327589630993,-37.94502974619189,12.109644428105053,-0.3880401688086041,0.06984600127965619
-15.865994378006702,-38.022456685917014,12.448852552121963,-0.3739642281025389,0.06533533582784334
-15.671635018651813,-38.097242143472876,12.77904396660723,-0.3608241501154888,0.060865370540597236
-15.476378859678734,-38.16954502540089,13.100858243489784,-0.3486127678542307,0.05643777580715685
-15.280355249199868,-38.239524238242524,13.41484606796712,-0.3373228477270181,0.05205190733152981
-15.083693535327628,-38.307338688539176,13.721483776162984,-0.3269473971294683,0.04770502779729212
-14.886523066174423,-38.37314728283229,14.021185080983539,-0.31747994261934676,0.04339250770717487
-14.688973189852652,-38.43710892766331,14.314310630598364,-0.30891478124505983,0.03910800256662318
-14.491157560956065,-38.4993688023698,14.601190734496239,-0.3009642299945572,0.03783814070611234
-14.293107189121063,-38.55999979630781,14.882194173772492,-0.2932290624156331,0.036849490088693954
-14.09482597594357,-38.61905108728683,15.0,-0.28570930515613546,0.03584110677735121
-13.896317807140813,-38.67657183922721,15.0,-0.27840763925542894,0.034814420564981706
-13.697586568430038,-38.7326112160493,15.0,-0.2713265452586514,0.03377082035720681
-13.498636145528453,-38.787218381673476,15.0,-0.2644683103341594,0.03271165035358198
-13.299470424153297,-38.84044250002005,15.0,-0.2578350357159261,0.03163820682885531
-13.100093290021809,-38.89233273500941,15.0,-0.2514286444018284,0.030551735495531956
-12.900508628851211,-38.94293825056188,15.0,-0.245250889041835,0.029453429424683777
-12.700720326358741,-38.99230821059782,15.0,-0.23930335995347793,0.028344427498432932
-12.500732268261629,-39.040491779037566,15.0,-0.233587493205622,0.027225813364802124
-12.300548340277105,-39.08753811980149,15.0,-0.2281045787153433,0.026098614863612295
-12.1001724281224,-39.133496396809925,15.0,-0.2228557683066279,0.02496380389076272
-11.899608417514749,-39.178415773983225,15.0,-0.21784208368355007,0.02382229666748665
-11.69886019417138,-39.22234541524173,15.0,-0.21306442427452146,0.022674954380970204
-11.497931643809522,-39.265334484505814,15.0,-0.20852357490808474,0.021522584162986882
-11.296826652146414,-39.307432145695806,15.0,-0.20422021328450504,0.020365940373864508
-11.09554910489928,-39.34868756273207,15.0,-0.20015491721106785,0.019205726160103083
-10.894102887785355,-39.389149899534935,15.0,-0.19632817157248733,0.018042595255235203
-10.692492014972668,-39.42886747942828,15.0,-0.19271924466359974,0.01724927824203945
-10.490722831680412,-39.46787337107424,15.0,-0.18922501819243762,0.016757158698271445
-10.28880371289104,-39.506187360135335,15.0,-0.18583152680696957,0.016266164526729965
-10.08674310141818,-39.54382878837926,15.0,-0.18253859304094242,0.015776295974152837
-9.884549440075455,-39.5808169975737,15.0,-0.17934603987466827,0.01528754602751412
-9.682231171676488,-39.61717132948634,15.0,-0.1762536917147642,0.014799900679385445
-9.479796739034905,-39.652911125884884,15.0,-0.17326137533849942,0.014313339187799744
-9.277254584964325,-39.68805572853702,15.0,-0.17036892080338567,0.01382783433026251
-9.074613152278387,-39.72262447921043,15.0,-0.16757616232268363,0.0133433526516215
-8.871880883790691,-39.75663671967282,15.0,-0.16488293910752444,0.012859854705568163
-8.669066222314871,-39.790111791691885,15.0,-0.16228909617637183,0.012377295289602765
-8.466177610664552,-39.8230690370353,15.0,-0.159794485132559,0.011895623673348694
-8.263223491653354,-39.85552779747077,15.0,-0.15739896491065153,0.011414783820153542
-8.060212308094906,-39.887507414765984,15.0,-0.1551024024923864,0.01093471460196148
-7.857152502802832,-39.91902723068863,15.0,-0.152904673592939,0.010455350007485929
-7.654052518590753,-39.950106587006395,15.0,-0.15080566331826262,0.009976619343752872
-7.45092079827229,-39.98076482548698,15.0,-0.14880526679423609,0.009498447431123663
-7.247765784661072,-40.01102128789808,15.0,-0.146903389768338,0.009020754791942013
-7.044595920570722,-40.040895316007386,15.0,-0.1450999491845511,0.00854345783298319
-6.841419648814861,-40.070406251582575,15.0,-0.1433948737321731,0.008066469021914746
-6.638244449054366,-40.09957332410291,15.0,-0.14178386314484415,0.007637955743547534
-6.435071765303897,-40.1284150593864,15.0,-0.14025967062249378,0.007216837038446723
-6.231900708664354,-40.156949711270016,15.0,-0.1388223108623285,0.006794728497388455
-6.028730385214215,-40.18519553300523,15.0,-0.13747191594330493,0.006371708326588151
-5.825559901031962,-40.21317077784351,15.0,-0.13620860733400242,0.005947852748021277
-5.622388362196078,-40.24089369903632,15.0,-0.13503249616760427,0.005523236102883337
-5.419214874785045,-40.26838254983512,15.0,-0.1339436835012175,0.005097930958727547
-5.216038544877341,-40.29565558349137,15.0,-0.13294226055914035,0.0046720082199752655
-5.012858478551451,-40.32273105325653,15.0,-0.13202830895971873,0.004245537241501872
-4.809673781885854,-40.34962721238209,15.0,-0.131201900925467,0.003818585945008394
-4.606483560959035,-40.37636231411949,15.0,-0.13046309947615967,0.003391220937896416
-4.403286921849486,-40.40295461172019,15.0,-0.1298119586046321,0.0029635076343709063
-4.200082970635662,-40.42942235843565,15.0,-0.12924852343505813,0.0025355103785018305
-3.996870813396058,-40.45578380751736,15.0,-0.12877283036350298,0.0021072925689823263
-3.7936495562091563,-40.48205721221677,15.0,-0.12838490718057738,0.0016789167853257592
-3.5904183051534377,-40.508260825785335,15.0,-0.12808477317604802,0.0012504449152501186
-3.387176166307385,-40.53441290147453,15.0,-0.12787243922528696,0.0008219382830021685
-3.183922245749477,-40.56053169253581,15.0,-0.1277479078574688,0.0003934577783778815
-2.980655649558199,-40.58663545222064,15.0,-0.127711173305453,-3.49360138010324e-05
-2.7773754838120293,-40.61274243378048,15.0,-0.12776222153731304,-0.0004631826839920551
-2.574080637931689,-40.6388663441992,15.0,-0.12782873824921231,-0.00012329511479068243
-2.370768893605681,-40.66499764621082,15.0,-0.12781220427390716,0.0002845789313820172
-2.1674376794292414,-40.69111939336887,15.0,-0.12771207227457287,0.0006922708355458023
-1.96408442384621,-40.71721463604994,15.0,-0.1275283651996026,0.0010997736028255857
-1.760706555300424,-40.74326642463059,15.0,-0.12726110697043228,0.0015070800298709489
-1.5573015022357224,-40.769257809487456,15.0,-0.12691032251910775,0.0019141825775103177
-1.353866693095943,-40.795171840997114,15.0,-0.12647603784326514,0.00232107324377639
-1.1503995563249247,-40.82099156953613,15.0,-0.12595828007848278,0.002727743437332133
-0.9468975203665058,-40.846700045481136,15.0,-0.12535707758796066,0.0031341838513296223
-0.7433580136645246,-40.872280319208706,15.0,-0.12467246006947788,0.0035403843377378196
-0.5397784646628191,-40.89771544109542,15.0,-0.12390445867957636,0.003946333782179947
-0.336156301805228,-40.922988461517896,15.0,-0.12305310617491319,0.004352019979326599
-0.13248895353559006,-40.9480824308527,15.0,-0.12211843707071826,0.004757429508896809
0.0712261517022572,-40.97298039947645,15.0,-0.12110048781628885,0.00516254761232639
0.27499158546447494,-40.99766541776571,15.0,-0.119999296987445,0.005567358070170519
0.4788099193072107,-41.02212053609709,15.0,-0.11881490549586185,0.005971843080315992
0.682683724786654,-41.04632880484718,15.0,-0.11754735681518597,0.006375983137088081
0.8866155734589533,-41.07027327439257,15.0,-0.1161966972238347,0.0067797569113461605
1.0906080368802695,-41.09393699510985,15.0,-0.11476297606436303,0.007183141131673945
1.294663630409269,-41.11730291876934,15.0,-0.11324356624196474,0.00763838962551721
1.4987835730453414,-41.14035172249981,15.0,-0.11162237995352803,0.008145930707121439
1.7029677853045566,-41.163061805061574,15.0,-0.10989671568515023,0.008653484578382702
1.9072161310806794,-41.18541146586327,15.0,-0.10806655832050042,0.00916108029976937
2.1115284742674754,-41.207379004313545,15.0,-0.10613188905023586,0.009668742655704572
2.315904678758709,-41.228942719821035,15.0,-0.10409268597375965,0.010176491909939104
2.5203446084481467,-41.250080911794385,15.0,-0.10194892473498872,0.01068434355910899
2.7248481272295524,-41.27077187964226,15.0,-0.09970057919233326,0.011192308084561682
2.9294150989966914,-41.29099392277327,15.0,-0.09734762212307721,0.011700390702583217
3.134045387643329,-41.310725340596086,15.0,-0.09489002596233231,0.012208591113209917
3.3387388570632313,-41.32994443251933,15.0,-0.09232776357671492,0.012716903247862264
3.543495371150162,-41.34862949795168,15.0,-0.08966080907286603,0.013225315016095543
3.748314793797888,-41.366758836301734,15.0,-0.08688913864089925,0.0137338080518216
3.953196988900172,-41.38431074697818,15.0,-0.08401273143281929,0.014242357459418644
4.158141820350782,-41.40126352938963,15.0,-0.08103157047590384,0.014750931560211511
4.363149152043481,-41.41759548294473,15.0,-0.0779456436209863,0.015259491639872603
4.568218847872036,-41.433284907052155,15.0,-0.07475494452551049,0.01576799169736484
4.773350771730209,-41.44831010112052,15.0,-0.07145947367115857,0.016276378196120257
4.978544787511769,-41.46264936455848,15.0,-0.06805923941577154,0.016784589818224154
5.1838007574903555,-41.47628099588468,15.0,-0.06455416428337099,0.017300209326352657
5.38911724924573,-41.489182582399344,15.0,-0.060936306802072425,0.017872426133689626
5.594489206985596,-41.501329720963774,15.0,-0.05720039291283629,0.01844628143095486
5.799910945882446,-41.51269766288931,15.0,-0.05334615082205604,0.019021809686608347
6.005376781108773,-41.52326165948727,15.0,-0.04937330476654568,0.019599034082067552
6.210881027837067,-41.53299696206901,15.0,-0.045281576600317786,0.020177966068488446
6.416418001239821,-41.54187882194584,15.0,-0.041070687442277105,0.020758604911046703
6.621982016489526,-41.54988249042912,15.0,-0.03674035938618717,0.021340937221729847
6.827567388758674,-41.55698321883014,15.0,-0.032290317274145,0.021924936481828528
7.033168433219757,-41.56315625846027,15.0,-0.027720290534657854,0.02251056255550362
7.238779465045265,-41.568376860630835,15.0,-0.02303001508625304,0.023097761196006546
7.444394799407691,-41.572620276653154,15.0,-0.018219235307365612,0.023686463546341432
7.650008751479528,-41.57586175783857,15.0,-0.013287706073040464,0.024276585636381194
7.855615636433266,-41.57807655549841,15.0,-0.008235194858750705,0.024868027878682933
8.061209769441396,-41.57923992094402,15.0,-0.0030614839113745546,0.02546067456549149
8.266785465676413,-41.57932710548671,15.0,0.0022336275129137746,0.026054393369673256
8.472337040310807,-41.578313360437825,15.0,0.007650320844398442,0.026649034852582455
8.677858808517065,-41.5761739371087,15.0,0.013188755830123897,0.027244431982129898
8.883345085467687,-41.57288408681067,15.0,0.018849068100019233,0.027840399664596158
9.088790186335157,-41.56841906085504,15.0,0.024631366670521817,0.028436734294006002
9.294188028873597,-41.56275426997087,15.0,0.030531972972072576,0.02896983664489368
9.49952586815279,-41.555867797510494,15.0,0.036534280565180745,0.02946120129482878
9.704785437432733,-41.54773994180712,15.0,0.042637314430351764,0.029959876678865346
9.909948303256048,-41.538351068069815,15.0,0.04884224829056273,0.030465924600800557
10.114996032165395,-41.52768154150761,15.0,0.05515026324742734,0.030979396656238653
10.3199101907034,-41.51571172732957,15.0,0.06156254624588801,0.03150033349395598
10.524672345412695,-41.50242199074473,15.0,0.06808028844108993,0.03202876403562452
10.72926406283592,-41.48779269696215,15.0,0.07470468346267212,0.03256470465371668
10.93366690951571,-41.47180421119087,15.0,0.08143692557173099,0.03310815830761976
11.137862451994696,-41.454436898639955,15.0,0.08827820770574571,0.03365911363822609
11.34183225681552,-41.43567112451844,15.0,0.09522971940681997,0.03421754402153475
11.545557890520815,-41.41548725403539,15.0,0.10229264462869148,0.034783406582109135
11.74902091965322,-41.39386565239984,15.0,0.10946815941809318,0.03535664116757865
11.952202910755366,-41.37078668482084,15.0,0.11675742946622171,0.03593716928575897
12.15508543036989,-41.346230716507456,15.0,0.12416160752628419,0.03652489300639277
12.357650045039431,-41.320178112668714,15.0,0.1316818306933574,0.03711969382998428
12.559878321306625,-41.29260923851369,15.0,0.1393192175431086,0.037721431526717544
12.761751825714104,-41.26350445925142,15.0,0.14707486512629908,0.03832994294901137
12.963252124804505,-41.232844140090954,15.0,0.15494984581642385,0.03894504082187297
13.164361093090815,-41.20061006906651,15.0,0.16292118279059814,0.039301755334282526
13.36506231290116,-41.16679192433035,15.0,0.17095374321394866,0.0396311095715025
13.565339955192272,-41.13138210350298,15.0,0.17904796789461094,0.03996501204608617
13.765178191470245,-41.094373006743005,15.0,0.18720463373925708,0.04030333741496098
13.964561193241183,-41.05575703420905,15.0,0.19542449972991893,0.040645951604053154
14.16347313201119,-41.01552658605973,15.0,0.20370830577256663,0.040992711440858795
14.361898179286355,-40.973674062453654,15.0,0.2120567715010673,0.04134346428828874
14.559820506572777,-40.93019186354944,15.0,0.22047059503671274,0.041698047681206524
14.757224285376575,-40.88507238950572,15.0,0.2289504517036625,0.042056288967205986
14.954093687203839,-40.838308040481095,15.0,0.23749699270080604,0.04241800495330526
15.15041288356067,-40.78989121663419,15.0,0.24611084373075112,0.042783001560369245
15.346166045953167,-40.73981431812362,15.0,0.2547926035868192,0.04315107348720684
15.54133734588743,-40.688069745107995,15.0,0.2635428426991523,0.043522003886427164
15.735910954869558,-40.63464989774593,15.0,0.2723621016412531,0.0438955640542759
15.929871044405655,-40.579547176196066,15.0,0.28125088959851874,0.044271513136808036
16.12320178600182,-40.52275398061699,15.0,0.29020968280057835,0.04464959785488794
16.31588735116415,-40.46426271116733,15.0,0.29923892291950976,0.04502955225063646
16.507911911398747,-40.40406576800571,15.0,0.30833901543628484,0.04541109745806936
16.699259664527723,-40.34215551547008,14.981234413072865,0.31751174582256164,0.04584568022716094
16.88991740223552,-40.2785207872028,14.889245693667315,0.326783868478962,0.04641393000798499
17.07987666397034,-40.21314395431787,14.800378155518107,0.3361645245899408,0.04697299193957526
17.269129496274115,-40.14600669768695,14.71463262925551,0.34565243330917433,0.04752204338310953
17.457667945688772,-40.0770906981817,14.63201120096055,0.3552462045444916,0.04806024789590167
17.645484058756246,-40.0063776366738,14.552517131586535,0.36494433703189133,0.04858675739722206
17.83256988201846,-39.93384919403492,14.476154779011642,0.37474521664273414,0.049100714515120734
18.018917462017352,-39.85948705113671,14.402929522550703,0.38464711494351367,0.04960125511029572
18.204518845294842,-39.783272888850846,14.332847689774152,0.3946481880272983,0.05008751097115589
18.389366078392865,-39.70518838804899,14.2659164855007,0.40474647563544697,0.05055861267224489
18.57345120785335,-39.625215229602816,14.202143922847673,0.41493990058753477,0.051013692586142294
18.756766280218226,-39.543335094384,14.141538756239385,0.4252262685365543,0.05145188803686025
18.939303342029426,-39.45952966326418,14.084110416288944,0.4356032680654099,0.05187234458064077
19.121054439828857,-39.373780617115045,14.029868946483399,0.4460684711394555,0.05227421939795328
19.302011620158485,-39.28606963680826,13.978824941615132,0.45661933392838244,0.052656684778432924
19.482166929560226,-39.19637840321548,13.930989487914896,0.4672531980090928,0.05301893167851508
19.661512414576006,-39.10468859720839,13.886374104853063,0.47796729195937665,0.05336017332965182
19.84004012174775,-39.01098189965863,13.844990688586222,0.48875873335016,0.053679648873272756
20.017742097617397,-38.91523999143789,13.80685145703562,0.49962453114190636,0.05397662699711701
20.194610388726872,-38.817444553417836,13.771968896592583,0.5105615884883931,0.05425040954624617
20.370636231440727,-38.71757899856683,13.788985724266668,0.521541430245821,0.05411659009662919
20.54580060831328,-38.61564866170807,13.831989518578599,0.5324745690407938,0.05378060893209264
20.720077466907075,-38.511673917934196,13.873090439365848,0.543356070161413,0.053462410295172756
20.89344061715378,-38.40567543658201,13.912243719526899,0.5541888773981961,0.053161909185800056
21.06586386898508,-38.297673886988306,13.949407255238793,0.5649759271876293,0.052879016900446954
21.237321032332645,-38.18768993848989,13.984541652243806,0.5757201480124162,0.05261364193508599
21.40778591712815,-38.07574426042356,14.017610269044338,0.5864244599099108,0.05236569080391229
21.57723233330327,-37.961857522126124,14.048579256865313,0.5970917740790648,0.05213506877769501
21.745634090789682,-37.84605039293438,14.077417596251813,0.6077249925765881,0.05192168054545008
21.912964999519055,-37.72834354218514,14.104097130179149,0.6183270080933655,0.05172543080293606
22.079198869423063,-37.60875763921518,14.128592593563118,0.6289007038025001,0.05154622477127047
22.244309510433393,-37.48731335336132,14.150881639069146,0.639448953270667,0.051383968648750056
22.408270732481704,-37.36403135396036,14.170944859131394,0.6499746204247526,0.051238569998734315
22.57105634549968,-37.238932310349085,14.188765804105174,0.6604805595660256,0.051109938076225686
22.73264015941899,-37.11203689186433,14.204330996489547,0.6709696154243346,0.050997984095546955
22.89299598417132,-36.98336576784287,14.217629941170584,0.6814446232450588,0.050902621441284455
23.05209762968832,-36.85293960762152,14.22865513164978,0.691908408901739,0.05082376582443364
23.209918905901695,-36.72077908053708,14.237402052236652,0.7023637890275082,0.05076133538545182
23.366433622743106,-36.58690485592632,14.243869176198931,0.7128135711585878,0.05071525074569494
23.521615590144226,-36.45133760312609,14.24805795987843,0.7232605538832779,0.05068543500849085
23.675438618036733,-36.31409799147316,14.2499728327951,0.7337075269899618,0.05067181371088172
23.8278791394957,-36.175207248965364,14.294832669000503,0.7441249784494557,0.05035427137167621
23.97892455171903,-36.034688938672296,14.33975184920153,0.7544805432737147,0.05003929035784002
24.128565116072696,-35.892567233656514,14.384015098070668,0.7647756133891349,0.04973179097932344
24.27679109393132,-35.74886630698243,14.427567628008056,0.7750116183845313,0.0494319872028181
24.423592746669513,-35.60361033171445,14.47035535782482,0.785190016668655,0.04914008031916767
24.56896033566188,-35.456823480917,14.51232495342102,0.7953122938065875,0.048856259635359264
24.71288412228305,-35.30852992765446,14.553423868750915,0.8053799609444284,0.04858070315825813
24.855354367907616,-35.15875384499127,14.593600387041233,0.815394553320959,0.04831357826810253
24.996361333910205,-35.007519405991815,14.632803662223964,0.8253576288647618,0.04805504238002274
25.13589528166542,-34.8548507837205,14.670983760541358,0.8352707668750953,0.04780524359207711
25.27394647254788,-34.70077215124176,14.70809170227685,0.8451355667846614,0.047564321318509864
25.410505167932186,-34.545307681619974,14.744079503561771,0.8549536470022742,0.047332406907131724
25.54556162919296,-34.38848154791957,14.778900218204168,0.864726643833318,0.047109624239901
25.679106117704816,-34.23031792320496,14.812507979482303,0.8744562104757877,0.046896090315947415
25.811128894842355,-34.07084098054053,14.84485804184214,0.8841440160896217,0.04669191581642606
25.9416202219802,-33.91007489299071,14.875906822434825,0.8937917449369737,0.04649720565072136
26.070570360492958,-33.748043833619896,14.905611942427234,0.9034010955910154,0.04631205948363763
26.197969571755245,-33.58477197549251,14.933932268015731,0.9129737802108245,0.04613657224331709
26.323808117141656,-33.420283491672954,14.960827951070938,0.9225115238798759,0.04597083460971506
26.44807639173429,-33.25460254492377,15.0,0.932012155736942,0.045714000481853874
26.570770843790363,-33.08775283162382,15.0,0.941436192723376,0.045292927818615485
26.69189631888229,-32.919757401157504,15.0,0.950773291706256,0.04487337682625735
26.811458280921464,-32.75063925526761,15.0,0.9600239206554144,0.044455722165243565
26.929462193819273,-32.58042139569688,15.0,0.9691885980215413,0.04404032065358713
27.045913521487105,-32.40912682418809,15.0,0.9782678902944939,0.04362751159071993
27.16081772783635,-32.236778542484004,15.0,0.9872624096130254,0.043217617123938165
27.27418027677839,-32.06339955232739,15.0,0.9961728114301982,0.042810942652532685
27.386006632224635,-31.88901285546099,15.0,1.0049997922382192,0.042407777264945386
27.496302258086434,-31.71364145362761,15.0,1.0137440873559338,0.04200839420453733
27.605072618275216,-31.537308348569965,15.0,1.0224064687817553,0.041613051359806905
27.712323176702338,-31.360036542030873,15.0,1.0309877431143266,0.04122199177515726
27.818059397279207,-31.181849035753068,15.0,1.0394887495428529,0.040835444178571635
27.92228674391722,-31.00276883147929,15.0,1.0479103579085953,0.04045362352282008
28.025010680527732,-30.82281893095235,15.0,1.056253466838696,0.04007673153707959
28.126236671022173,-30.642022335914973,15.0,1.064519001953176,0.03970495728610565
28.2259701793119,-30.460402048109966,15.0,1.0727079141455997,0.03933847773434534
28.324216669308324,-30.277981069280045,15.0,1.0808211779376933,0.0389774583126226
28.420981604922808,-30.094782401168025,15.0,1.088859789907874,0.038622053485264554
28.516270450066767,-29.910829045516618,15.0,1.096824767193499,0.038272407315760065
28.61008866891581,-29.726143998789542,15.0,1.104717347016912,0.03794122121348314
28.702441835833323,-29.540748056106203,15.0,1.1125490693652986,0.03768178853252255
28.793335805249498,-29.35465641737517,15.0,1.120326286035008,0.03742278344359823
28.882776475432777,-29.167883406699996,15.0,1.128049198366385,0.03716437747223185
28.97076974465155,-28.980443348184316,15.0,1.1357180310219441,0.036906736261243
29.05732151117426,-28.79235056593168,15.0,1.1433330311653789,0.0366500196236915
29.142437673269306,-28.60361938404573,15.0,1.1508944676508834,0.0363943816074525
29.22612412920511,-28.41426412663001,15.0,1.158402630224016,0.0361399705705321
29.30838677725008,-28.224299117788167,15.0,1.1658578287351766,0.0358869292662575
29.38923151567265,-28.033738681623742,15.0,1.1732603923667362,0.035635394937498455
29.468664242741216,-27.842597142240386,15.0,1.1806106688746985,0.03538549941910823
29.54669085672421,-27.650888823741635,15.0,1.1879090238457521,0.03513736924779967
29.62331725589003,-27.45862805023114,15.0,1.1951558399704247,0.03489112577870539
29.698549338507114,-27.26582914581244,15.0,1.2023515163330234,0.03464688530790261
29.772393002843856,-27.072506434589187,15.0,1.2094964677189162,0.03440475920021831
29.844854147168682,-26.878674240664942,15.0,1.2165911239396892,0.034164854021662645
29.915938669750016,-26.684346888143278,15.0,1.2236359291765924,0.03392727167587561
29.98565246885626,-26.48953870112784,15.0,1.2306313413426535,0.033692109544004804
30.054001442755848,-26.294264003722173,15.0,1.23757783146378,0.033459460627467685
30.120991489717174,-26.098537120029924,15.0,1.2444758830790685,0.033229413693086705
30.18662850800867,-25.902372374154627,15.0,1.2513259916605517,0.03300205342011857
30.250918178427053,-25.705783990296496,15.0,1.2581360753448252,0.03293148612461506
30.313860255009217,-25.508783469985293,15.0,1.2649578994922837,0.033040192957449165
30.375448000533463,-25.311379332757777,15.0,1.2718016443305964,0.03315079099736139
30.435674347113665,-25.11357994624798,15.0,1.2786676782569646,0.033263240424548916
30.49453222686369,-24.915393678090048,15.0,1.285556364072893,0.03337750000993916
30.552014571897406,-24.716828895918013,15.0,1.2924680587896018,0.033493527073598775
30.60811431432867,-24.517893967366025,15.0,1.299403113427894,0.03361127744327787
30.66282438627136,-24.318597260068117,15.0,1.3063618728125108,0.03373070541317825
30.716137719839335,-24.118947141658435,15.0,1.313344675360955,0.03385176370303755
30.768047247146463,-23.91895197977101,15.0,1.3203518528668408,0.0339744034176283
30.81854590030661,-23.718620142039995,15.0,1.3273837302777716,0.03409857400677437
30.867626611433646,-23.517959996099417,15.0,1.3344406254678225,0.03422422322599401
30.91528231264143,-23.31697990958343,15.0,1.341522849004657,0.034351297097882996
30.961505936043835,-23.115688250126066,15.0,1.348630703911377,0.034479739874357415
31.006290413754723,-22.91409338536146,15.0,1.3557644854231634,0.03460949399988069
31.049628677887966,-22.71220368292366,15.0,1.3629244807388328,0.0347405000758054
31.09151366055742,-22.510027510446807,15.0,1.3701109687673934,0.034872696825964736
31.131938293876956,-22.307573235564963,15.0,1.3773242198697613,0.03500602106365553
31.170895509960456,-22.104849225912186,15.0,1.3845644955957508,0.035140407660158045
31.208378365387766,-21.90186389886656,15.0,1.3918273185521601,0.035162294092330695
31.24438465489806,-21.698627565452817,15.0,1.3990699922043521,0.03501851070389128
31.278918270773598,-21.495152973632237,15.0,1.4062826635123278,0.03487731402335758
31.311983507073442,-21.291453031939575,15.0,1.4134658333792591,0.03473876681052043
31.34358465785662,-21.087540648909705,15.0,1.4206200111732736,0.03460292971138039
31.373726017182186,-20.883428733077388,15.0,1.4277457144374779,0.03446986134306907
31.40241187910918,-20.679130192977485,15.0,1.4348434686111704,0.03433961837871643
31.429646537696655,-20.474657937144766,15.0,1.4419138067622221,0.03421225563211822
31.455434287003648,-20.270024874114096,15.0,1.4489572693305364,0.03408782614207129
31.479779421089212,-20.065243912420236,15.0,1.455974403882531,0.03396638125625322
31.50268623401238,-19.860327960598056,15.0,1.4629657648765302,0.03384797071453508
31.524159019832208,-19.65528992718232,15.0,1.4699319134389812,0.03373264273162439
31.54420207260773,-19.450142720707895,15.0,1.4768734171513629,0.03362044407894646
31.562819686398004,-19.24489924970954,15.0,1.4837908498476786,0.03351142016567951
31.58001615526206,-19.039572422722127,15.0,1.4906847914223784,0.03340561511886957
31.595795773258953,-18.834175148280416,15.0,1.4975558276485927,0.03330307186255712
31.61016283444772,-18.628720334919276,15.0,1.5044045500064995,0.03320383219585659
31.623121632887415,-18.423220891173465,15.0,1.5112315555216964,0.0331079368699362
31.634676462637078,-18.21768972557786,15.0,1.518037446613389,0.03301542566385234
31.64483135092674,-18.012139664094093,15.0,1.5248303568366601,0.03306589114292561
31.653584820700896,-17.806581829323328,15.0,1.5316519318551391,0.033245552131100885
31.660930220775892,-17.601025742676818,15.0,1.5385087687733943,0.03342707324401457
31.666860699249714,-17.39548086345135,15.0,1.5454012220666868,0.03361038996416822
31.671369404220364,-17.189956650943802,15.0,1.5523296371696214,0.03379543512934519
31.674449483785832,-16.98446256445094,15.0,1.5592943501192356,0.033982138862447775
31.67609408604411,-16.77900806326963,15.0,1.5662956871889815,0.03417042850283149
31.676296359093204,-16.573602606696646,15.0,1.5733339645137872,0.03436022853937783
31.675049451031096,-16.368255654028857,15.0,1.5804094877063537,0.03455146054555728
31.67234650995579,-16.162976664563033,15.0,1.5875225514649334,0.034744043116748495
31.66818068396528,-15.957775097596047,15.0,1.5946734391728004,0.03493789181009056
31.66254512115755,-15.752660412424659,15.0,1.601862422489719,0.03513291908715848
31.65543296963061,-15.547642068345747,15.0,1.6090897609356851,0.035329034259762686
31.646837377482445,-15.342729524656074,15.0,1.6163557014673058,0.035526143439186954
31.636751492811054,-15.137932240652516,15.0,1.623660478047165,0.035724149489187215
31.625168463714434,-14.933259675631836,15.0,1.6310043112066086,0.03592295198308826
31.612081438290577,-14.728721288890911,15.0,1.6383874076023652,0.03612244716532136
31.59748356463748,-14.524326539726504,15.0,1.6458099595675155,0.03632252791775893
31.58136799085313,-14.320084887435488,15.0,1.6532721446573004,0.036523083731207634
31.563727869710764,-14.116005791483333,15.0,1.6607735583699486,0.036677855340357016
31.54456014247593,-13.912098848041355,15.0,1.6682666595240185,0.03649493146888365
31.523872372149825,-13.708374036560455,15.0,1.6757212354742348,0.03631352053083991
31.501673969246184,-13.504841403158162,15.0,1.6831376344308773,0.036133725200451626
31.477974344278742,-13.301510993951892,15.0,1.690516218411489,0.03595564485037964
31.452782907761254,-13.098392855059165,15.0,1.6978573627864628,0.03577937562403355
31.42610907020746,-12.895497032597433,15.0,1.7051614558352113,0.035605010511329596
31.397962242131083,-12.692833572684131,15.0,1.7124288983132165,0.035432639427544196
31.368351834045882,-12.490412521436792,15.0,1.7196601030302603,0.03526234929493014
31.337287256465586,-12.288243924972823,15.0,1.726855494440091,0.035094224126777866
31.304777919903948,-12.086337829409759,15.0,1.7340155082417243,0.03492834511362157
31.270833234874694,-11.884704280865009,15.0,1.74114059099259,0.03476479071130452
31.235462611891577,-11.683353325456102,15.0,1.748231199733647,0.034603636730635365
31.198675461468333,-11.48229500930045,15.0,1.7552878016266233,0.03444495642838168
31.160481194118702,-11.281539378515584,15.0,1.762310873603451,0.034288820599364174
31.120889220356425,-11.081096479218916,15.0,1.7693009020279926,0.03413529766942863
31.079908950695252,-10.88097635752797,15.0,1.7762583823700846,0.03398445378908951
31.0375497956489,-10.681189059560166,15.0,1.7831838188919469,0.03383635292765225
30.993821165731134,-10.48174463143303,15.0,1.790077724346941,0.03369105696763696
30.94873230238823,-10.282652993925764,15.0,1.7969443883669831,0.03361762029221352
30.902289100401365,-10.083921586766447,15.0,1.8038039681881375,0.03360446921183178
30.854494383829344,-9.88555557320206,15.0,1.8106592925048937,0.033590225573680556
30.805350862980237,-9.687560032150545,15.0,1.8175102760209716,0.033574904142982254
30.754861248162097,-9.48994004252972,15.0,1.824356835607,0.03355851970967868
30.703028249682987,-9.29270068325752,15.0,1.8311988902860663,0.033541087078804876
30.64985457785096,-9.095847033251774,15.0,1.8380363612183142,0.03352262106103327
30.59534294297409,-8.899384171430414,15.0,1.844869171684581,0.03350313646339448
30.53949605536042,-8.703317176711263,15.0,1.851697247069131,0.033482648080179436
30.482316625318024,-8.50765112801226,15.0,1.8585205148414772,0.033461170684028874
30.42380736315496,-8.312391104251253,15.0,1.8653389045373465,0.03343871901721425
30.36397097917928,-8.117542184346096,15.0,1.8721523477387876,0.033415307783114793
30.302810183699048,-7.923109447214726,15.0,1.8789607780534583,0.03339095163789478
30.240327687022315,-7.729097971774967,15.0,1.8857641310931248,0.03336566518238462
30.17652619945716,-7.535512836944751,15.0,1.8925623444513753,0.033339462954169466
30.111408431311627,-7.342359121641905,15.0,1.899355357680603,0.03331235941988795
30.044977092893788,-7.149641904784363,15.0,1.9061431122682524,0.033284368967744275
29.97723489451168,-6.95736626528995,15.0,1.9129255516123875,0.03325550590023586
29.908184546473397,-6.7655372820766,15.0,1.919702620996572,0.03322578442709862
29.837828759086968,-6.5741600340621416,15.0,1.926474267564123,0.0331952186584719
29.766170561580367,-6.383239638658078,15.0,1.9332338653598078,0.033062774036295275
29.69321712580157,-6.1927817132893095,15.0,1.939957798308431,0.032873792910710305
29.61897851854733,-6.002792224800634,15.0,1.9466442335822947,0.03268644735340559
29.543464865910682,-5.813277147193798,15.0,1.9532934975959206,0.03250080634546193
29.466686293984697,-5.624242454470659,15.0,1.9599059259734726,0.03231693622464651
29.38865292886242,-5.435694120632964,15.0,1.966481863198722,0.03213490075587994
29.309374896636932,-5.247638119682566,15.0,1.973021662274286,0.031954761202966114
29.228862323401263,-5.060080425621217,15.0,1.9795256843902784,0.03177657640137611
29.147125335248493,-4.873027012450766,15.0,1.985994298602427,0.03160040283189175
29.064174058271657,-4.686483854172966,15.0,1.9924278815197571,0.031426294694924105
28.98001861856384,-4.5004569247896695,15.0,1.998826817001858,0.03125430398533573
28.89466914221807,-4.314952198302624,15.0,2.00519149586579,0.031084480567605075
28.808135755327438,-4.129975648713686,15.0,2.0115223156026203,0.03091687225118438
28.72042858398497,-3.945533250024604,15.0,2.017819680103603,0.030751524865911376
28.631557754283744,-3.761630976237229,15.0,2.0240839993959683,0.030588482337347303
28.541533392316815,-3.5782748013533383,15.0,2.030315689388312,0.030427786761922506
28.450365624177227,-3.3954706993747075,15.0,2.0365151716255157,0.030269478481781673
28.358064575958053,-3.2132246443031893,15.0,2.0426828730531588,0.030113596159230007
28.26464037375234,-3.0315426101405327,15.0,2.0488192257913576,0.029960176850689916
28.170103143653154,-2.850430570888592,15.0,2.0549246669179424,0.029809256080088303
28.074463010474666,-2.669894500116042,15.0,2.0609997671560114,0.02967284185154524
27.977728625326325,-2.489939872340704,15.0,2.067058694558674,0.02963909641767727
27.879904327806436,-2.3105707020431083,15.0,2.0731108123072652,0.029604989107129102
27.780993673197134,-2.1317907381054004,15.0,2.0791561213334346,0.02957053430473578
27.681000216780525,-1.953603729409626,15.0,2.0851946245013804,0.029535746209074207
27.579927513838754,-1.7760134248379296,15.0,2.0912263265772286,0.029500638828685286
27.477779119653903,-1.5990235732723563,15.0,2.0972512341981258,0.02946522597848501
27.374558589508137,-1.4226379235950501,15.0,2.1032693558410274,0.029429521276361774
27.27026947868354,-1.2468602246880576,15.0,2.109280701791242,0.029393538139957074
27.164915342462262,-1.071694225433522,15.0,2.1152852841107124,0.029357289783626964
27.058499736126397,-0.8971436747134897,15.0,2.121283116606084,0.029320789215581143
26.951026214958087,-0.723212321410104,15.0,2.1272742147965493,0.02928404923519683
26.842498334239426,-0.5499039144054118,15.0,2.1332585958815193,0.029247082430504064
26.732919649252572,-0.37722220258155575,15.0,2.139236278708102,0.029209901175839534
26.62229371527961,-0.2051709348205837,15.0,2.145207283738442,0.029172517629665346
26.510624087602686,-0.03375386000463713,15.0,2.1511716330169035,0.029134943732549812
26.397914321503897,0.13702527298423586,15.0,2.157129350137146,0.029097191205306364
26.284167972265397,0.3071627152638928,15.0,2.1630804602090725,0.02905927154728769
26.16938859516928,0.4766547179522633,15.0,2.169024989825706,0.02902119603483124
26.05357974549766,0.6454975321672751,15.0,2.174962967029972,0.028982975719852866
25.936744978532687,0.8136874090267865,15.0,2.1808944212814203,0.02894462142858487
25.818888537670244,0.9812207979786051,15.0,2.186806330527095,0.028738450497271598
25.700020485525787,1.1480958257002385,15.0,2.1926679056247553,0.028480674883090414
25.580153810463056,1.3143114621356897,15.0,2.1984781742761808,0.028224948312016693
25.459301522998018,1.4798666836136218,15.0,2.20423749578027,0.02797132455587585
25.337476633646585,1.6447604664627902,15.0,2.2099462366164984,0.027719853896476482
25.214692152924712,1.8089917870118577,15.0,2.2156047699795045,0.02747058324136039
25.090961091348323,1.9725596215895793,15.0,2.22121347532828,0.02722355623911255
24.96629645943337,2.1354629465246187,15.0,2.226772737949855,0.026978813393991843
24.840711267695763,2.29770073814573,15.0,2.2322829485374074,0.026736392179661422
24.71421852665148,2.4592719727815777,15.0,2.237744502782653,0.02649632715181964
24.586831246816413,2.620175626760915,15.0,2.243157800982393,0.026258650059548937
24.45856243870654,2.780410676412407,15.0,2.2485232476590307,0.026023389955220657
24.32942511283776,2.939976098064806,15.0,2.2538412511949018,0.025790573302808328
24.19943227972605,3.0988708680467796,15.0,2.2591122234802006,0.025560224084480592
24.06859694988731,3.2570939626870774,15.0,2.264336579574311,0.02533236390535839
23.93693213383751,3.414644358314368,15.0,2.269514737380296,0.025107012096337332
23.80445084209255,3.5715210312574017,15.0,2.2746471173323384,0.024884185814888375
23.67116608516841,3.7277229578448456,15.0,2.2797341420958657,0.024663900143764222
23.537090873580983,3.8832491144054506,15.0,2.284776236280124,0.024446168187549733
23.402238217846246,4.0380984772678845,15.0,2.289773826162928,0.024231001167007295
23.26662057888222,4.192270648698184,15.0,2.2947272945073913,0.02401729294864233
23.130247588651375,4.345768452861138,15.0,2.299636723193937,0.023803183118559394
22.99312797147253,4.498595747637342,15.0,2.3045020819064472,0.023588711823702594
22.855270451245147,4.650756391384967,15.0,2.3093233490228813,0.02337394278255414
22.71668375186877,4.802254242462103,15.0,2.3141005115024225,0.023158937637948136
22.57737659724288,4.953093159226924,15.0,2.3188335645994385,0.02294375596141158
22.437357711267016,5.103277000037518,15.0,2.3235225115787985,0.02272845526011769
22.29663581784065,5.252809623252056,15.0,2.3281673634328484,0.022513090986298848
22.155219640863326,5.401694887228631,15.0,2.332768138600276,0.02229771654896987
22.013117904234516,5.549936650325414,15.0,2.337324862687133,0.022082383327813215
21.870339331853767,5.697538770900493,15.0,2.3418375681902184,0.021867140689081896
21.726892647620545,5.8445051073120435,15.0,2.34630629422305,0.021652036003377218
21.582786575434405,5.990839517918153,15.0,2.350731086244607,0.02143711466516335
21.43802983919481,6.136545861076994,15.0,2.355111995791034,0.021222420113882375
21.292631162801307,6.281627995146656,15.0,2.359449080210459,0.02100799385653916
21.14659927015337,6.426089778485312,15.0,2.3637424024010896,0.020793875491626812
20.999942885150542,6.569935069451051,15.0,2.3679920305527165,0.02058010273427
20.852670731692296,6.713167726402046,15.0,2.372198037891748,0.020366711442464967
20.704791533678172,6.855791607696388,15.0,2.376360502429891,0.020153735644301604
20.556314015007647,6.997810571692247,15.0,2.3804795067165774,0.019941207566054935
20.407246899580265,7.139228476747715,15.0,2.3845551375952123,0.01972915766103957
20.25759890845783,7.2800491777413345,15.0,2.388587865652959,0.01953907164609728
20.107377879371473,7.420275446385432,15.0,2.392594238974713,0.019452701840998423
19.95658951867591,7.559907440836076,15.0,2.3965831399734374,0.01936697578461803
19.805239217692122,7.698944932945698,15.0,2.400554683728507,0.019281902095234487
19.653332367741147,7.837387694566664,15.0,2.4045089864853906,0.0191974891031771
19.50087436014394,7.975235497551423,15.0,2.408446165616486,0.019113744858260905
19.34787058622154,8.112488113752345,15.0,2.4123663395828974,0.019030677137196916
19.194326437294894,8.249145315021874,15.0,2.4162696278971625,0.018948293450972598
19.040247304685046,8.385206873212386,15.0,2.4201561510869105,0.01886660105219868
18.88563857971295,8.52067256017632,15.0,2.4240260306594665,0.01878560694241781
18.730505653699645,8.655542147766054,15.0,2.4278793890673747,0.018705317879371762
18.574853917966085,8.789815407834027,15.0,2.431716349674852,0.018625740384223155
18.418688763833302,8.923492112232616,15.0,2.435537036725154,0.018546880748729004
18.262015582622254,9.05657203281426,15.0,2.439341575308858,0.0184687450423625
18.10483976565399,9.189054941431337,15.0,2.4431300913330434,0.01839133911938097
17.947166704249447,9.32094060993629,15.0,2.446902711491375,0.018314668625836774
17.78900178972967,9.452228810181488,15.0,2.450659563235069,0.01823873900652963
17.630350413415616,9.582919314019382,15.0,2.4544007747447503,0.018163555511897595
17.471217966628327,9.713011893302335,15.0,2.458126474903172,0.018089123204845545
17.311609840688742,9.842506319882801,15.0,2.4618367932688123,0.018015446967509004
17.15153142559907,9.971402367018229,15.0,2.4655318350310407,0.017940984113088563
16.99098759736258,10.099700355576058,15.0,2.4692104271350113,0.017858453692594454
16.829981940472056,10.22740198238781,15.0,2.4728718532326504,0.01777568819959486
16.668517839790166,10.354509156969202,15.0,2.476516091096064,0.01769270249442188
16.506598680179643,10.481023788835873,15.0,2.4801431205239353,0.017609511213856673
16.344227846503177,10.606947787503525,15.0,2.4837529233096385,0.017526128769238418
16.181408723623452,10.73228306248785,15.0,2.4873454832092103,0.017442569344768916
16.0181446964032,10.857031523304492,15.0,2.4909207859092026,0.01735884689600823
15.854439149705085,10.981195079469167,15.0,2.494478818994444,0.017274975148556523
15.690295468391858,11.104775640497515,15.0,2.498019571915713,0.01719096759691768
15.525717037326173,11.22777511590525,15.0,2.50154303595737,0.017106837503539588
15.360707241370774,11.350195415208018,15.0,2.5050492042049277,0.01702259789802669
15.195269465388323,11.47203844792153,15.0,2.508538071512628,0.016938261576519533
15.029407094241567,11.593306123561435,15.0,2.5120096344709917,0.016853841101236867
14.863123512793155,11.714000351643438,15.0,2.515463891374402,0.01676934880017504
14.696422105905846,11.834123041683192,15.0,2.518900842188708,0.01668479676696025
14.529306258442288,11.9536761031964,15.0,2.5223204885188846,0.01660019686084823
14.361779355265233,12.072661445698715,15.0,2.5257228335767485,0.01651556070686707
14.193844781237335,12.191080978705845,15.0,2.529107882148763,0.016430899696097814
14.025505921221345,12.308936611733438,15.0,2.532475640563926,0.016346224986088388
13.856766160079912,12.426230254297202,15.0,2.5358261166617755,0.01626154750139573
13.687628882683182,12.542963815920166,15.0,2.5391593126027066,0.016173551590349385
13.51809833017757,12.65914006132164,15.0,2.542458258548907,0.015930274204339286
13.348181960363382,12.774764967817012,15.0,2.5457073752099517,0.015687455776252673
13.177887986226562,12.889845266954826,15.0,2.5489067416802906,0.015445110311302718
13.007224620753156,13.004387690283579,15.0,2.5520564388564306,0.015203250069186162
12.83620007692911,13.118398969351821,15.0,2.5551565492001465,0.014961885601456731
12.664822567740467,13.231885835708042,15.0,2.5582071565066458,0.014721025788688905
12.4931003061732,13.344855020900777,15.0,2.5612083456776804,0.014480677877364137
12.32104150521328,13.457313256478566,15.0,2.564160202499549,0.014240847516417895
12.148654377846748,13.569267273989897,15.0,2.567062813425963,0.014001538793389688
11.975947137059554,13.680723804983325,15.0,2.56991626536572,0.013762754270121974
11.802927995837738,13.791689581007336,15.0,2.5727206454751306,0.013524495017959874
11.629605167167252,13.902171333610486,15.0,2.575476040955141,0.01328676065240533
11.455986864034136,14.012175794341266,15.0,2.5781825388530843,0.0130495493671854
11.282081299424338,14.12170969474822,15.0,2.5808402258689958,0.012812857967696205
11.1078966863239,14.230779766379849,15.0,2.5834491881664143,0.012576681903789416
10.93344123771877,14.339392740784698,15.0,2.586009511187599,0.012341015301869715
10.758723166594992,14.44755534951126,15.0,2.588521279473076,0.012105850996276786
10.583750685938513,14.555274324108089,15.0,2.5909845764854373,0.01187118055992663
10.408532008735378,14.662556396123673,15.0,2.593399484437307,0.011636994334191837
10.233075347971532,14.769408297106565,15.0,2.5957660841233814,0.011403281458001234
10.057388628462876,14.875836673695016,15.0,2.5980894719201357,0.011245623979730706
9.881476152755493,14.981847105214204,15.0,2.6003872185516137,0.011129203378034727
9.705339750298272,15.08744444228336,15.0,2.6026607769266508,0.011012339582830852
9.528981202749408,15.192633521440133,15.0,2.6049100846601116,0.010895048307936642
9.352402291767188,15.297419179222105,15.0,2.607135081516368,0.010777345044996884
9.175604799009808,15.401806252166928,15.0,2.609335709376712,0.010659245061022992
8.998590506135557,15.50579957681218,15.0,2.6115119122065935,0.010540763396170987
8.821361194802627,15.60940398969551,15.0,2.613663636022715,0.010421914861752873
8.643918646669315,15.712624327354506,15.0,2.6157908288600065,0.010302714038477311
8.466264643393831,15.815465426326794,15.0,2.61789344073851,0.010183175274914052
8.288400966634393,15.917932123150008,15.0,2.6199714236301905,0.010063312686177732
8.110329398049302,16.020029254361734,15.0,2.6220247314257032,0.00994314015282576
7.932051719296739,16.121761656499615,15.0,2.6240533199011447,0.009822671319965077
7.753569712035001,16.223134166101232,15.0,2.6260571466847966,0.009701919596563026
7.574885157922279,16.324151619704242,15.0,2.6280361712239024,0.009580898154956606
7.395999838616866,16.424818853846226,15.0,2.629990354751484,0.00945961993055544
7.216915535776953,16.525140705064825,15.0,2.631919660253227,0.009338097621732636
7.037634031060833,16.62512200989763,15.0,2.6338240524344516,0.00921634368989875
6.858157106126696,16.724767604882285,15.0,2.635703497687196,0.009094370359753103
6.678486542632835,16.824082326556375,15.0,2.637557964057417,0.0089721896197076
6.498624122232714,16.92307101136135,15.0,2.639387448927503,0.00885572738336269
6.318571569765347,17.021737340271237,15.0,2.6412063923470033,0.00886293239983614
6.138330411837859,17.1200809627155,15.0,2.6430269338502237,0.008870373962394528
5.957902131849709,17.218100649384514,15.0,2.6448491114316544,0.008878052159468464
5.777288213200257,17.31579517096871,15.0,2.646672963101827,0.008885967093962284
5.596490139288966,17.413163298158462,15.0,2.648498526888909,0.00889411888317657
5.415509393515194,17.510203801644202,15.0,2.6503258408402997,0.00890250765873112
5.234347459278403,17.60691545211631,15.0,2.6521549430242053,0.00891113356648835
5.053005819977955,17.703297020265218,15.0,2.6539858715312152,0.00891999676647708
4.871485959013307,17.799347276781294,15.0,2.6558186644758583,0.008929097432816648
4.689789359783822,17.89506499235498,15.0,2.6576533599981578,0.00893843575364138
4.507917505688961,17.990448937676636,15.0,2.659489996265169,0.008948011931025289
4.325871880128108,18.085497883436698,15.0,2.6613286114725136,0.008957826180907007
4.143653966500651,18.18021060032557,15.0,2.663169243845901,0.008967878733014946
3.961265248206048,18.27458585903364,15.0,2.665011931642638,0.008978169830792578
3.7787072086436613,18.368622430251325,15.0,2.6668567131531313,0.008988699731323829
3.5959813312129514,18.462319084669016,15.0,2.6687036267023783,0.008999468705258579
3.4130890993132788,18.55567459297713,15.0,2.670552710651449,0.00901047703673815
3.2300319963441035,18.648687725866058,15.0,2.672404003398956,0.009021725023320807
3.0468115057047864,18.741357254026216,15.0,2.6742575433825153,0.009033212975907198
2.8634291107947893,18.833681948147984,15.0,2.676113369080196,0.009044941218665715
2.679886294178123,18.925660580796524,15.0,2.677971384905355,0.009047707355399
2.4961841073573026,19.01729289194435,15.0,2.6798233393460382,0.00899477047853806
2.3123224679755583,19.108581166220667,15.0,2.681664295195274,0.008941475400185007
2.1283011094630675,19.19952810167393,15.0,2.6834941997456174,0.008887828690248909
1.9441197652499036,19.290136396352633,15.0,2.685313001193855,0.00883383692359973
1.759778168766241,19.380408748305218,15.0,2.6871206486402515,0.008779506678228305
1.5752760534421537,19.47034785558018,15.0,2.6889170920876126,0.008724844533432731
1.3906131527078176,19.55995641622597,15.0,2.6907022824401516,0.008669857068032227
1.2057891999933057,19.649237128291077,15.0,2.692476171502177,0.008614550858608657
1.020803928728794,19.738192689823947,15.0,2.6942387119765914,0.008558932477776534
0.8356570723443558,19.82682579887308,15.0,2.695989857463217,0.00850300849248179
0.6503483642701665,19.915139153486912,15.0,2.697729562456943,0.008446785462330053
0.46487753793630004,20.00313545171395,15.0,2.6994577823457035,0.008390269937944566
0.2792443267729318,20.090817391602627,15.0,2.701174473408282,0.00833346845935449
0.0934484642101352,20.17818767120145,15.0,2.702879592811957,0.008276387554413643
-0.09251031632191402,20.265248988558856,15.0,2.7045730986099827,0.008219033737250353
-0.27863228139311647,20.35200404172333,15.0,2.7062549497389115,0.008161413506748465
-0.4649176975733746,20.43845552874335,15.0,2.7079251060157663,0.008103533345060001
-0.6513668314325108,20.524606147667367,15.0,2.709583528135056,0.008045399716149634
-0.8379799495404537,20.610458596543875,15.0,2.7112301776656498,0.007987019064371185
-1.024757317769247,20.696015565879488,15.0,2.7128656023223274,0.007963165735701432
-1.2116989548734474,20.78127707524961,15.0,2.7145175501528813,0.00811683159969746
-1.3988042690392084,20.866236544999083,15.0,2.7162013114188905,0.008270934603837899
-1.5860725758060776,20.950886394115557,15.0,2.7179169585768883,0.00842549197868765
-1.7735031907134995,21.035219041586625,15.0,2.719664566437204,0.008580520652822948
-1.9610954293010217,21.119226906399934,15.0,2.7214442121207325,0.008736037248105623
-2.148848607108088,21.202902407543075,15.0,2.723255975014876,0.008892058074572181
-2.3367620396742463,21.286237964003696,15.0,2.7250999367286255,0.009048599124932855
-2.5248350425389403,21.36922599476939,15.0,2.726976181046723,0.009205676068674763
-2.713066931241719,21.45185891882781,15.0,2.7288847938828744,0.009363304245764459
-2.901457021322025,21.53412915516654,15.0,2.730825863231953,0.009521498659943887
-3.090004628319407,21.61602912277323,15.0,2.732799479121159,0.009680273971615137
-3.2787090677733093,21.697551240635477,15.0,2.734805733560082,0.009839644490308002
-3.4675696552232784,21.778687927740922,15.0,2.7368447204896196,0.009999624166725984
-3.6565857062087597,21.859431603077166,15.0,2.738916535729705,0.010160226584364662
-3.8457565362693003,21.93977468563185,15.0,2.741021276925797,0.01032146495069848
-4.035081460944343,22.019709594392573,15.0,2.7431590434940754,0.010483352087930022
-4.224559795773439,22.099228748346974,15.0,2.745329936565306,0.01064590042329794
-4.41419085629603,22.178324566482654,15.0,2.7475340589273087,0.010809121978938237
-4.603973958051637,22.256989467787243,15.0,2.749771514965992,0.010973028361295096
-4.793908416579783,22.335215871248376,15.0,2.752042410604893,0.011137630750076745
-4.983993544666536,22.41299635588506,15.0,2.7543413739940146,0.011168759729898198
-5.174228546676293,22.490329802392516,15.0,2.7566172365799386,0.0109964896247592
-5.364612485323545,22.567223324417174,15.0,2.758857352828078,0.010823507567008653
-5.555144413774673,22.643684590565694,15.0,2.761061621568271,0.010649844049441214
-5.74582338519595,22.71972126944471,15.0,2.7632299457984266,0.01047552910255584
-5.936648452753757,22.7953410296609,15.0,2.7653622326163343,0.010300592289929997
-6.127618669614371,22.870551539820884,15.0,2.767458393151281,0.010125062704313908
-6.318733088944169,22.945360468531337,15.0,2.769518342495573,0.009948968964426442
-6.509990763909428,23.019775484398895,15.0,2.7715419996360313,0.009772339212435272
-6.701390747676527,23.093804256030214,15.0,2.773529287385538,0.009595201112102002
-6.892932093411741,23.16745445203194,15.0,2.77548013231471,0.00941758184757425
-7.08461385428145,23.24073374101074,15.0,2.777394464683766,0.009239508122804928
-7.276435083451929,23.313649791573233,15.0,2.7792722183746594,0.009061006161580194
-7.468394834089559,23.386210272326103,15.0,2.781113330823545,0.008882101708135885
-7.660492159360612,23.458422851875977,15.0,2.7829177429536345,0.008702820028343815
-7.852726112431473,23.530295198829524,15.0,2.784685399108519,0.00852318591144745
-8.04509574646841,23.601834981793374,15.0,2.7864162469860005,0.008343223672328282
-8.237600114637809,23.6730498693742,15.0,2.7881102375725044,0.00816295715428245
-8.43023827010594,23.74394753017863,15.0,2.7897673250781185,0.007982409732288965
-8.62300926603919,23.81453563281334,15.0,2.79138746687232,0.0078016043167492026
-8.815912155603828,23.884821845884954,15.0,2.792970623420432,0.007620563357679283
-9.008946019831052,23.95481369731663,15.0,2.7945220872296352,0.007572856966485601
-9.202111099146991,24.024512861500106,15.0,2.796093871038554,0.007735084232033279
-9.395409185669488,24.09391317867459,15.0,2.797699147963454,0.00789723087477207
-9.588842179935815,24.16300794169385,15.0,2.799337909205153,0.008059292767495615
-9.782411982483142,24.231790443411622,15.0,2.8010101453691827,0.00822126538670732
-9.976120493848747,24.30025397668168,15.0,2.8027158464107167,0.008383143805161572
-10.1699696145698,24.368391834357762,15.0,2.8044550015784493,0.008544922684475854
-10.363961245183571,24.436197309293632,15.0,2.806227599357429,0.008706596267822143
-10.558097286227232,24.503663694343032,15.0,2.808033627410858,0.008868158372704863
-10.752379638238063,24.570784282359728,15.0,2.8098730725208654,0.009029602383834589
-10.946810201753228,24.63755236619746,15.0,2.811745920528267,0.009190921246105599
-11.141390877310005,24.703961238709997,15.0,2.8136521562713233,0.009352107457687294
-11.336123565445563,24.77000419275108,15.0,2.8155917635235053,0.009513153063238444
-11.531010166697179,24.83567452117447,15.0,2.8175647249302886,0.009674049647255035
-11.726052581602021,24.90096551683391,15.0,2.819571021944983,0.00983478832756163
-11.921252710697363,24.965870472583166,15.0,2.8216106347636227,0.009995359748957787
-12.116612454520377,25.03038268127598,15.0,2.8236835422589253,0.010155754077030208
-12.312133713608336,25.094495435766124,15.0,2.8257897219133477,0.010315960992143186
-12.507818388498414,25.158202028907322,15.0,2.8279291497512493,0.010475969683618656
-12.703668379727882,25.22149575355336,15.0,2.8301018002701968,0.010635768844119325
-12.899685587833913,25.284369902557962,15.0,2.832307646371417,0.010795346664247009
-13.095870753203906,25.346817321712916,15.0,2.834547789115133,0.010966367920172013
-13.292219594737354,25.408828921787272,15.0,2.8368236235037285,0.01113917652513748
-13.488726473052049,25.470395090138283,15.0,2.8391353902589866,0.01131352521816544
-13.68538574874296,25.53150621411443,15.0,2.8414833356045626,0.011489459586914543
-13.882191782404979,25.59215268106414,15.0,2.8438677120472593,0.011667025246500824
-14.079138934633102,25.65232487833589,15.0,2.8462887783652033,0.011846267844887591
-14.276221566022222,25.712013193278118,15.0,2.848746799595814,0.01202723306710948
-14.473434037167339,25.771208013239303,15.0,2.851242047023418,0.01220996663830034
-14.67077070866334,25.829899725567884,15.0,2.8537747981663646,0.012394514325490108
-14.868225941105225,25.88807871761233,15.0,2.8563453367634795,0.01258092193813466
-15.065794095087883,25.94573537672109,15.0,2.8589539527597014,0.012769235327337982
-15.263469531206317,26.002860090242628,15.0,2.8616009422907394,0.01295950038372496
-15.461246610055408,26.05944324552539,15.0,2.8642866076665734,0.01315176303391806
-15.659119692230167,26.11547522991785,15.0,2.867011257353637,0.013346069235570187
-15.857083138325475,26.170946430768446,15.0,2.869775205955478,0.013542464970901119
-16.055131308936332,26.22584723542565,15.0,2.872578774191742,0.013740996238683386
-16.25325856465763,26.280168031237906,15.0,2.8754222888752485,0.013941709044618793
-16.45145926608437,26.33389920555369,15.0,2.878306082886996,0.0141446493900453
-16.649727773811442,26.387031145721433,15.0,2.88123049514886,0.014349863258908805
-16.848058472835454,26.439554237004312,15.0,2.8841966163444823,0.014602396485226663
-17.046454745925374,26.491458095736682,15.0,2.8872408744966434,0.015085962631059904
-17.244942367149612,26.5427304247444,15.0,2.8903825134054295,0.01556253161213071
-17.4435505351327,26.59335863419864,15.0,2.8936203968280148,0.01603148530612276
-17.642308448499314,26.643330134270627,15.0,2.8969533049896183,0.01649221221777745
-17.841245305873983,26.69263233513154,15.0,2.9003799353093282,0.016944109199959527
-18.040390305881342,26.741252646952596,15.0,2.9038989033022884,0.01738658318936764
-18.23977264714602,26.789178479904983,15.0,2.907508743660534,0.017819052948806775
-18.439421528292552,26.8363972441599,15.0,2.9112079115141065,0.018240950807533917
-18.639366147945616,26.882896349888558,15.0,2.9149947838733734,0.018651724390835015
-18.839635704729734,26.928663207262144,15.0,2.9188676612527127,0.01905083832969629
-19.04025939726957,26.973685226451867,15.0,2.922824769474977,0.01943777594121105
-19.24126642418968,27.017949817628914,15.0,2.9268642616552873,0.01981204087020834
-19.4426859841147,27.061444390964493,15.0,2.9309842203619376,0.02017315868252118
-19.644547275669193,27.1041563566298,15.0,2.9351826599512676,0.020520678400320458
-19.846879497477804,27.146073124796043,15.0,2.939457529072563,0.020854173970043716
-20.04971184816508,27.18718210563441,15.0,2.9438067133381116,0.021173245653634692
-20.253073526355685,27.22747070931611,15.0,2.9482280381527213,0.021477521334094495
-20.456993730674153,27.26692634601233,15.0,2.9527192716961146,0.021766657726716716
-20.66150165974515,27.30553642589428,15.0,2.957278128050794,0.022040341487846626
-20.866626042073218,27.343288462029868,15.0,2.9618923394721097,0.02194455166362496
-21.072347707871568,27.380180451143783,15.0,2.966369952535565,0.020912012224471917
-21.27855894129189,27.416229770328734,15.0,2.9706440869083046,0.019931025962924828
-21.485142451606848,27.451455892362784,15.0,2.974722265982363,0.018996863643372552
-21.691980948088997,27.48587829002396,15.0,2.978611391589919,0.018105119537545598
-21.898957140011014,27.519516436090328,14.966758022125093,2.98231777756705,0.017251669270440268
-22.105953736645446,27.552389803339917,14.826059229496941,2.9858471792544563,0.016432630838080425
-22.31285344726497,27.584517864550783,14.684156282766537,2.9892048191678913,0.01564432821779028
-22.519538981142144,27.61592009250096,14.54108995566118,2.992395409028652,0.014883257025689049
-22.7258930475496,27.646615959968504,14.396902599594435,2.99542316830345,0.014146051698950729
-22.931798355759987,27.676624939731454,14.251638239997492,2.9982918393624796,0.013429453691912832
-23.137137615045866,27.705966504567858,14.105342680280406,3.0010046993240604,0.012730280174907398
-23.34179353467989,27.734660127255765,13.958063613844812,3.003564568612951,0.012045392711930268
-23.54564882393463,27.76272528057321,13.809850744603812,3.0059738162165837,0.011371665366699134
-23.748586192082755,27.790181437298255,13.66075591649625,3.008234361578166,0.010705951644461314
-23.950488348396814,27.817048070208923,13.510833252514507,3.0103476730166383,0.010045049616640869
-24.151238002149483,27.84334465208328,13.360139303792517,3.0123147625098516,0.009385664493716835
-24.350717862613315,27.869090655699363,13.208733209327642,3.0141361766173467,0.008724367804237283
-24.548810639060985,27.894305553835217,13.056676866930115,3.0158119832512473,0.008057552198815208
-24.745403991694708,27.919006115663684,12.904031570420662,3.0174708416985823,0.010753799538481715
-24.940592213878496,27.94309627205682,12.750711611246556,3.0203832908288137,0.018899888495447752
-25.134746518108717,27.96632873380123,12.59642248427511,3.024883654213746,0.02714182801954012
-25.328257503827977,27.988445624853988,12.440837741644904,3.030970180241801,0.0353430416882127
-25.521515770478782,28.00918906917216,12.283610100176071,3.038623007899415,0.043361450700844746
-25.71491191750374,28.028301190712813,12.124368550088374,3.0478038267404752,0.05105395613854127
-25.908836544345352,28.045524113433018,11.962715166081344,3.0584559749039517,0.05828138940215884
-26.10368025044623,28.06059996128985,11.798221587775872,3.07050501589697,0.06491369966492092
-26.299833635248877,28.07327085824037,11.630425119257774,3.0838598173295955,0.07083508115894935
-26.497687298195892,28.083278928241658,11.458824373751018,3.098414131234287,0.07594869629178792
-26.697631838729787,28.090366295250785,11.282874357682063,3.114048647300871,0.08018063614765772
-26.90005785629317,28.094275083224804,11.101980846436367,3.1306334596899843,0.08348278776333815
-27.105355950328537,28.094747416120804,10.94884865781621,-3.135154448856636,0.08583435099403006
-27.31391672027848,28.091525417895845,10.86016930697566,-3.1170869768082534,0.08724186138989774
-27.526130765585574,28.084351212507,10.829437804439829,-3.0984936666317795,0.0877377150896225
-27.74238868569232,28.07296692391134,10.851746993470305,-3.0795174548796562,0.08737733669602012
-27.963081080041334,28.057114676065925,10.923368701890046,-3.0602971499121043,0.08623525877680968
-28.188598548075113,28.03653659292784,11.041460794750828,-3.04096491034222,0.08440047245705064
-28.419331689236266,28.010974798454143,11.20385778741396,-3.0216441219898957,0.08197145038907243
-28.65565172427179,27.98017736514775,11.483090688073988,-3.00262851183541,0.07244148833181675
-28.894712496646097,27.944879981846675,11.270684123720184,-2.9883902906126005,0.04704040346190795
