x,y,w_left,w_right
-68.50887914210506,53.85378274137868,1.07226,1.07226
-68.74071914210505,53.824802741378676,1.04328,1.04328
-68.97255914210506,53.824802741378676,1.04328,1.04328
-69.08847914210506,53.824802741378676,1.0497002452128894,1.0497002452128894
-69.20439914210506,53.824802741378676,1.0687295934893914,1.0687295934893914
-69.66807914210506,53.79582274137867,1.07226,1.07226
-69.89991914210506,53.79582274137867,1.07226,1.07226
-70.13175914210505,53.79582274137867,1.07226,1.07226
-70.30563914210505,53.76684274137868,1.044888759629464,1.044888759629464
-70.42155914210505,53.76684274137868,1.0576707487682544,1.0576707487682544
-70.82727914210506,53.73786274137868,1.07226,1.07226
-71.00115914210505,53.70888274137867,1.044888759629464,1.044888759629464
-71.11707914210506,53.70888274137867,1.0576707487682544,1.0576707487682544
-71.49381914210505,53.67990274137868,1.0726515501317284,1.0726515501317284
-71.60973914210506,53.65092274137868,1.0532944357585867,1.0532944357585867
-71.95749914210505,53.621942741378675,1.0726515501317284,1.0726515501317284
-72.07341914210505,53.592962741378685,1.0532944357585867,1.0532944357585867
-72.39219914210506,53.535002741378676,1.044888759629464,1.044888759629464
-72.50811914210506,53.535002741378676,1.0576707487682544,1.0576707487682544
-72.82689914210505,53.47704274137868,1.046896232680202,1.046896232680202
-72.94281914210505,53.47704274137868,1.0628195227789148,1.0628195227789148
-73.26159914210506,53.41908274137867,1.0497002452128894,1.0497002452128894
-73.37751914210506,53.41908274137867,1.0687295934893914,1.0687295934893914
-73.72527914210505,53.36112274137868,1.0497002452128894,1.0497002452128894
-73.84119914210505,53.36112274137868,1.0687295934893914,1.0687295934893914
-74.18895914210505,53.303162741378685,1.0497002452128894,1.0497002452128894
-74.30487914210505,53.303162741378685,1.0687295934893914,1.0687295934893914
-74.73957914210506,53.24520274137868,1.0436824223871934,1.0436824223871934
-74.85549914210506,53.24520274137868,1.0532944357585867,1.0532944357585867
-74.97141914210505,53.24520274137868,1.0753884092735981,1.0753884092735981
-75.08733914210505,53.21622274137867,1.0820062465623754,1.0820062465623754
-75.20325914210505,53.21622274137867,1.127616231525602,1.127616231525602
-75.37713914210505,53.15826274137868,1.1541173572908432,1.1541173572908432
-75.49305914210505,53.100302741378684,1.1657022635304435,1.1657022635304435
-75.60897914210506,53.042342741378675,1.191356485691835,1.191356485691835
-75.75387914210505,52.92642274137867,1.2091989647696528,1.2091989647696528
-75.84081914210506,52.810502741378684,1.199785999918319,1.199785999918319
-75.92775914210506,52.69458274137868,1.207809080442766,1.207809080442766
-75.95673914210505,52.57866274137868,1.180023467224275,1.180023467224275
-75.98571914210505,52.462742741378676,1.1638997230002248,1.1638997230002248
-76.01469914210506,52.34682274137867,1.1599242737351434,1.1599242737351434
-76.04367914210505,52.230902741378685,1.1682211477284596,1.1682211477284596
-76.01469914210506,52.11498274137868,1.130591477413482,1.130591477413482
-76.01469914210506,51.970082741378675,1.131705178038874,1.131705178038874
-75.98571914210505,51.85416274137867,1.114882860214471,1.114882860214471
-75.92775914210506,51.738242741378684,1.0827821564839346,1.0827821564839346
-75.89877914210506,51.62232274137868,1.0924345327753056,1.0924345327753056
-75.81183914210506,51.50640274137868,1.06400416314975,1.06400416314975
-75.75387914210505,51.390482741378676,1.0781183207793104,1.0781183207793104
-75.57999914210505,51.158642741378685,1.0781183207793104,1.0781183207793104
-75.46407914210505,51.04272274137868,1.0655816349768796,1.0655816349768796
-75.26121914210505,50.81088274137868,1.0862668926189365,1.0862668926189365
-75.00039914210505,50.52108274137868,1.0687295934893914,1.0687295934893914
-74.82651914210506,50.34720274137868,1.0655816349768796,1.0655816349768796
-74.59467914210505,50.115362741378675,1.0655816349768796,1.0655816349768796
-74.36283914210506,49.883522741378684,1.0655816349768796,1.0655816349768796
-74.13099914210505,49.65168274137868,1.0655816349768796,1.0655816349768796
-73.89915914210505,49.41984274137867,1.0655816349768796,1.0655816349768796
-73.66731914210506,49.18800274137868,1.0655816349768796,1.0655816349768796
-73.49343914210506,49.014122741378685,1.0687295934893914,1.0687295934893914
-73.17465914210506,48.724322741378685,1.0862668926189365,1.0862668926189365
-72.94281914210505,48.49248274137868,1.0862668926189365,1.0862668926189365
-72.71097914210506,48.260642741378675,1.0862668926189365,1.0862668926189365
-72.47913914210505,48.02880274137868,1.0862668926189365,1.0862668926189365
-72.24729914210505,47.79696274137868,1.0862668926189365,1.0862668926189365
-72.01545914210506,47.56512274137867,1.0862668926189365,1.0862668926189365
-71.78361914210505,47.33328274137868,1.0862668926189365,1.0862668926189365
-71.55177914210506,47.101442741378676,1.0862668926189365,1.0862668926189365
-71.31993914210506,46.869602741378685,1.0862668926189365,1.0862668926189365
-70.97217914210505,46.49286274137867,1.0851065573481713,1.0851065573481713
-70.85625914210506,46.376942741378684,1.0663694958127787,1.0663694958127787
-70.65339914210506,46.17408274137868,1.0655816349768796,1.0655816349768796
-70.42155914210505,45.94224274137868,1.0655816349768796,1.0655816349768796
-70.18971914210505,45.71040274137867,1.0655816349768796,1.0655816349768796
-69.95787914210506,45.47856274137868,1.0655816349768796,1.0655816349768796
-69.72603914210505,45.246722741378676,1.0655816349768796,1.0655816349768796
-69.52317914210505,45.014882741378685,1.0862668926189365,1.0862668926189365
-69.29133914210506,44.78304274137868,1.0862668926189365,1.0862668926189365
-69.05949914210505,44.551202741378674,1.0862668926189365,1.0862668926189365
-68.82765914210506,44.31936274137868,1.0862668926189365,1.0862668926189365
-68.53785914210505,44.00058274137868,1.0726515501317284,1.0726515501317284
-68.39295914210506,43.85568274137867,1.0655816349768796,1.0655816349768796
-68.16111914210505,43.62384274137868,1.0655816349768796,1.0655816349768796
-67.92927914210506,43.392002741378676,1.0655816349768796,1.0655816349768796
-67.69743914210505,43.160162741378684,1.0655816349768796,1.0655816349768796
-67.49457914210505,42.92832274137868,1.0862668926189365,1.0862668926189365
-67.26273914210506,42.696482741378674,1.0862668926189365,1.0862668926189365
-67.03089914210506,42.46464274137868,1.0862668926189365,1.0862668926189365
-66.79905914210505,42.23280274137868,1.0862668926189365,1.0862668926189365
-66.48027914210505,41.88504274137868,1.0781183207793104,1.0781183207793104
-66.36435914210506,41.76912274137868,1.0655816349768796,1.0655816349768796
-66.13251914210505,41.537282741378675,1.0655816349768796,1.0655816349768796
-65.90067914210505,41.305442741378684,1.0655816349768796,1.0655816349768796
-65.66883914210506,41.07360274137868,1.0655816349768796,1.0655816349768796
-65.46597914210506,40.84176274137867,1.0862668926189365,1.0862668926189365
-65.23413914210505,40.60992274137868,1.0862668926189365,1.0862668926189365
-65.00229914210506,40.37808274137868,1.0862668926189365,1.0862668926189365
-64.65453914210505,40.00134274137868,1.0851065573481713,1.0851065573481713
-64.53861914210506,39.885422741378676,1.0663694958127787,1.0663694958127787
-64.33575914210505,39.682562741378675,1.0655816349768796,1.0655816349768796
-64.10391914210506,39.450722741378684,1.0655816349768796,1.0655816349768796
-63.901059142105055,39.21888274137868,1.0862668926189365,1.0862668926189365
-63.64023914210506,38.92908274137868,1.0687295934893914,1.0687295934893914
-63.466359142105055,38.75520274137868,1.0655816349768796,1.0655816349768796
-63.20553914210505,38.43642274137868,1.0726515501317284,1.0726515501317284
-63.06063914210505,38.291522741378685,1.0655816349768796,1.0655816349768796
-62.79981914210505,37.97274274137868,1.0726515501317284,1.0726515501317284
-62.56797914210506,37.68294274137868,1.0851065573481713,1.0851065573481713
-62.36511914210506,37.451102741378676,1.061237945231888,1.061237945231888
-62.27817914210506,37.335182741378674,1.0663694958127787,1.0663694958127787
-62.07531914210506,37.07436274137868,1.0687295934893914,1.0687295934893914
-61.901439142105055,36.84252274137867,1.0687295934893914,1.0687295934893914
-61.669599142105056,36.52374274137868,1.061237945231888,1.061237945231888
-61.466739142105055,36.233942741378684,1.0536930334779668,1.0536930334779668
-61.35081914210505,36.03108274137868,1.0691224365805816,1.0691224365805816
-61.20591914210506,35.82822274137868,1.061237945231888,1.061237945231888
-61.08999914210506,35.62536274137868,1.0781183207793104,1.0781183207793104
-60.887139142105056,35.33556274137868,1.0691224365805816,1.0691224365805816
-60.742239142105056,35.13270274137868,1.061237945231888,1.061237945231888
-60.626319142105054,34.92984274137868,1.0781183207793104,1.0781183207793104
-60.42345914210506,34.64004274137868,1.0691224365805816,1.0691224365805816
-60.27855914210505,34.43718274137868,1.061237945231888,1.061237945231888
-60.104679142105056,34.205342741378686,1.061237945231888,1.061237945231888
-59.98875914210505,34.002482741378685,1.0781183207793104,1.0781183207793104
-59.84385914210505,33.799622741378684,1.0726515501317284,1.0726515501317284
-59.64099914210506,33.509822741378684,1.061237945231888,1.061237945231888
-59.43813914210506,33.220022741378685,1.0536930334779668,1.0536930334779668
-59.264259142105054,32.90124274137868,1.0628195227789148,1.0628195227789148
-59.20629914210505,32.78532274137868,1.0691224365805816,1.0691224365805816
-59.032419142105056,32.466542741378674,1.075778820761963,1.075778820761963
-58.887519142105056,32.23470274137868,1.0501002072183396,1.0501002072183396
-58.80057914210505,32.060822741378686,1.0536930334779668,1.0536930334779668
-58.65567914210506,31.771022741378673,1.0501002072183396,1.0501002072183396
-58.539759142105055,31.53918274137868,1.0501002072183396,1.0501002072183396
-58.45281914210506,31.307342741378676,1.075778820761963,1.075778820761963
-58.336899142105054,31.075502741378685,1.075778820761963,1.075778820761963
-58.191999142105054,30.75672274137868,1.0655816349768796,1.0655816349768796
-58.105059142105056,30.582842741378684,1.0628195227789148,1.0628195227789148
-57.98913914210506,30.35100274137868,1.0628195227789148,1.0628195227789148
-57.87321914210506,30.090182741378683,1.0505000169443122,1.0505000169443122
-57.78627914210506,29.916302741378686,1.0501002072183396,1.0501002072183396
-57.64137914210505,29.539562741378674,1.07226,1.07226
-57.58341914210506,29.423642741378686,1.0628195227789148,1.0628195227789148
-57.467499142105055,29.19180274137868,1.0628195227789148,1.0628195227789148
-57.322599142105055,28.873022741378676,1.0548879229567472,1.0548879229567472
-57.264639142105054,28.757102741378674,1.0501002072183396,1.0501002072183396
-57.14871914210505,28.525262741378683,1.0501002072183396,1.0501002072183396
-57.00381914210506,28.148522741378684,1.07226,1.07226
-56.94585914210505,28.032602741378682,1.0628195227789148,1.0628195227789148
-56.829939142105054,27.800762741378676,1.0628195227789148,1.0628195227789148
-56.685039142105055,27.48198274137868,1.0548879229567472,1.0548879229567472
-56.62707914210506,27.366062741378677,1.0501002072183396,1.0501002072183396
-56.540139142105055,27.13422274137868,1.075778820761963,1.075778820761963
-56.36625914210505,26.75748274137868,1.07226,1.07226
-56.30829914210506,26.641562741378678,1.0628195227789148,1.0628195227789148
-56.192379142105054,26.40972274137868,1.0628195227789148,1.0628195227789148
-56.07645914210505,26.17788274137868,1.0628195227789148,1.0628195227789148
-55.960539142105056,25.91706274137868,1.0505000169443122,1.0505000169443122
-55.902579142105054,25.743182741378682,1.075778820761963,1.075778820761963
-55.72869914210506,25.366442741378677,1.07226,1.07226
-55.670739142105056,25.25052274137868,1.0628195227789148,1.0628195227789148
-55.55481914210506,25.018682741378683,1.0628195227789148,1.0628195227789148
-55.43889914210506,24.786842741378678,1.0628195227789148,1.0628195227789148
-55.322979142105055,24.526022741378682,1.0505000169443122,1.0505000169443122
-55.265019142105054,24.352142741378678,1.075778820761963,1.075778820761963
-55.09113914210506,23.97540274137868,1.07226,1.07226
-55.033179142105055,23.859482741378677,1.0628195227789148,1.0628195227789148
-54.91725914210505,23.62764274137868,1.0628195227789148,1.0628195227789148
-54.80133914210505,23.39580274137868,1.0628195227789148,1.0628195227789148
-54.685419142105054,23.13498274137868,1.0505000169443122,1.0505000169443122
-54.598479142105056,22.96110274137868,1.0501002072183396,1.0501002072183396
-54.51153914210505,22.729262741378683,1.075778820761963,1.075778820761963
-54.36663914210506,22.41048274137868,1.0655816349768796,1.0655816349768796
-54.27969914210506,22.236602741378682,1.0628195227789148,1.0628195227789148
-54.16377914210506,22.004762741378677,1.0628195227789148,1.0628195227789148
-54.047859142105054,21.77292274137868,1.0628195227789148,1.0628195227789148
-53.93193914210505,21.512102741378683,1.0505000169443122,1.0505000169443122
-53.84499914210505,21.33822274137868,1.0501002072183396,1.0501002072183396
-53.758059142105054,21.10638274137868,1.075778820761963,1.075778820761963
-53.64213914210505,20.874542741378683,1.075778820761963,1.075778820761963
-53.49723914210506,20.55576274137868,1.0655816349768796,1.0655816349768796
-53.41029914210506,20.381882741378682,1.0628195227789148,1.0628195227789148
-53.29437914210506,20.150042741378677,1.0628195227789148,1.0628195227789148
-53.178459142105055,19.91820274137868,1.0628195227789148,1.0628195227789148
-53.06253914210505,19.68636274137868,1.0628195227789148,1.0628195227789148
-52.94661914210506,19.454522741378682,1.0628195227789148,1.0628195227789148
-52.830699142105054,19.222682741378684,1.0628195227789148,1.0628195227789148
-52.71477914210506,18.96186274137868,1.0505000169443122,1.0505000169443122
-52.62783914210505,18.787982741378677,1.0501002072183396,1.0501002072183396
-52.51191914210506,18.55614274137868,1.0501002072183396,1.0501002072183396
-52.395999142105055,18.32430274137868,1.0501002072183396,1.0501002072183396
-52.28007914210505,18.092462741378682,1.0501002072183396,1.0501002072183396
-52.164159142105056,17.860622741378677,1.0501002072183396,1.0501002072183396
-52.048239142105054,17.62878274137868,1.0501002072183396,1.0501002072183396
-51.93231914210506,17.39694274137868,1.0501002072183396,1.0501002072183396
-51.816399142105055,17.165102741378682,1.0501002072183396,1.0501002072183396
-51.72945914210506,16.991222741378678,1.0536930334779668,1.0536930334779668
-51.55557914210505,16.67244274137868,1.0628195227789148,1.0628195227789148
-51.43965914210506,16.440602741378683,1.0628195227789148,1.0628195227789148
-51.323739142105055,16.208762741378678,1.0628195227789148,1.0628195227789148
-51.20781914210505,15.97692274137868,1.0628195227789148,1.0628195227789148
-51.091899142105056,15.745082741378681,1.0628195227789148,1.0628195227789148
-51.00495914210506,15.571202741378677,1.06400416314975,1.06400416314975
-50.86005914210506,15.310382741378682,1.075778820761963,1.075778820761963
-50.744139142105055,15.078542741378683,1.075778820761963,1.075778820761963
-50.62821914210505,14.846702741378678,1.075778820761963,1.075778820761963
-50.48331914210505,14.61486274137868,1.0501002072183396,1.0501002072183396
-50.42535914210506,14.498942741378677,1.061237945231888,1.061237945231888
-50.22249914210506,14.122202741378679,1.0628195227789148,1.0628195227789148
-50.106579142105055,13.89036274137868,1.0628195227789148,1.0628195227789148
-50.019639142105056,13.716482741378684,1.06400416314975,1.06400416314975
-49.87473914210506,13.455662741378681,1.075778820761963,1.075778820761963
-49.72983914210506,13.223822741378683,1.0501002072183396,1.0501002072183396
-49.64289914210506,13.049942741378679,1.0536930334779668,1.0536930334779668
-49.469019142105054,12.731162741378682,1.0628195227789148,1.0628195227789148
-49.35309914210506,12.499322741378677,1.0628195227789148,1.0628195227789148
-49.29513914210506,12.383402741378681,1.0691224365805816,1.0691224365805816
-49.12125914210505,12.064622741378678,1.075778820761963,1.075778820761963
-49.00533914210506,11.89074274137868,1.0536930334779668,1.0536930334779668
-48.831459142105054,11.571962741378684,1.0628195227789148,1.0628195227789148
-48.77349914210505,11.456042741378681,1.0691224365805816,1.0691224365805816
-48.599619142105055,11.195222741378679,1.0536930334779668,1.0536930334779668
-48.454719142105056,10.934402741378683,1.06400416314975,1.06400416314975
-48.309819142105056,10.67358274137868,1.075778820761963,1.075778820761963
-48.22287914210506,10.557662741378678,1.061237945231888,1.061237945231888
-48.020019142105056,10.209902741378677,1.075778820761963,1.075778820761963
-47.93307914210506,10.093982741378682,1.061237945231888,1.061237945231888
-47.73021914210506,9.804182741378682,1.0536930334779668,1.0536930334779668
-47.614299142105054,9.60132274137868,1.0691224365805816,1.0691224365805816
-47.469399142105054,9.39846274137868,1.061237945231888,1.061237945231888
-47.29551914210506,9.166622741378681,1.061237945231888,1.061237945231888
-47.179599142105054,8.96376274137868,1.0781183207793104,1.0781183207793104
-47.034699142105055,8.760902741378679,1.0726515501317284,1.0726515501317284
-46.802859142105056,8.442122741378682,1.0691224365805816,1.0691224365805816
-46.71591914210506,8.32620274137868,1.0687295934893914,1.0687295934893914
-46.48407914210505,8.007422741378683,1.061237945231888,1.061237945231888
-46.310199142105056,7.7755827413786776,1.061237945231888,1.061237945231888
-46.165299142105056,7.5727227413786835,1.0548879229567472,1.0548879229567472
-46.020399142105056,7.340882741378678,1.0781183207793104,1.0781183207793104
-45.875499142105056,7.138022741378684,1.0726515501317284,1.0726515501317284
-45.64365914210506,6.81924274137868,1.0691224365805816,1.0691224365805816
-45.55671914210505,6.703322741378678,1.0687295934893914,1.0687295934893914
-45.324879142105054,6.384542741378681,1.061237945231888,1.061237945231888
-45.15099914210506,6.152702741378683,1.061237945231888,1.061237945231888
-45.00609914210506,5.949842741378681,1.0548879229567472,1.0548879229567472
-44.86119914210506,5.718002741378683,1.0781183207793104,1.0781183207793104
-44.71629914210506,5.515142741378682,1.0726515501317284,1.0726515501317284
-44.48445914210505,5.196362741378678,1.0691224365805816,1.0691224365805816
-44.397519142105054,5.080442741378683,1.0687295934893914,1.0687295934893914
-44.165679142105056,4.761662741378679,1.061237945231888,1.061237945231888
-43.99179914210506,4.5298227413786805,1.061237945231888,1.061237945231888
-43.84689914210506,4.326962741378679,1.0548879229567472,1.0548879229567472
-43.70199914210506,4.095122741378681,1.0781183207793104,1.0781183207793104
-43.55709914210505,3.89226274137868,1.0726515501317284,1.0726515501317284
-43.325259142105054,3.573482741378683,1.0691224365805816,1.0691224365805816
-43.238319142105055,3.4575627413786805,1.0687295934893914,1.0687295934893914
-43.00647914210506,3.1387827413786837,1.061237945231888,1.061237945231888
-42.83259914210505,2.9069427413786784,1.061237945231888,1.061237945231888
-42.68769914210505,2.704082741378677,1.0548879229567472,1.0548879229567472
-42.54279914210505,2.472242741378679,1.0781183207793104,1.0781183207793104
-42.397899142105054,2.269382741378678,1.0726515501317284,1.0726515501317284
-42.166059142105055,1.950602741378681,1.0691224365805816,1.0691224365805816
-42.07911914210506,1.8346827413786784,1.0687295934893914,1.0687295934893914
-41.84727914210506,1.5159027413786816,1.061237945231888,1.061237945231888
-41.673399142105055,1.2840627413786834,1.061237945231888,1.061237945231888
-41.528499142105055,1.0812027413786822,1.0548879229567472,1.0548879229567472
-41.383599142105055,0.849362741378684,1.0781183207793104,1.0781183207793104
-41.180739142105054,0.5595627413786843,1.0691224365805816,1.0691224365805816
-41.093799142105055,0.44364274137868165,1.0687295934893914,1.0687295934893914
-40.86195914210506,0.12486274137867781,1.061237945231888,1.061237945231888
-40.71705914210506,-0.07799725862131623,1.0548879229567472,1.0548879229567472
-40.57215914210506,-0.3098372586213216,1.0781183207793104,1.0781183207793104
-40.42725914210506,-0.5126972586213157,1.0726515501317284,1.0726515501317284
-40.19541914210505,-0.8314772586213195,1.0691224365805816,1.0691224365805816
-40.05051914210505,-1.0343372586213206,1.061237945231888,1.061237945231888
-39.876639142105056,-1.266177258621319,1.061237945231888,1.061237945231888
-39.731739142105056,-1.46903725862132,1.0548879229567472,1.0548879229567472
-39.586839142105056,-1.7008772586213183,1.0781183207793104,1.0781183207793104
-39.383979142105055,-1.990677258621318,1.0691224365805816,1.0691224365805816
-39.297039142105056,-2.1065972586213206,1.0687295934893914,1.0687295934893914
-39.12315914210505,-2.338437258621319,1.0687295934893914,1.0687295934893914
-38.949279142105055,-2.570277258621317,1.0687295934893914,1.0687295934893914
-38.77539914210506,-2.8021172586213225,1.0687295934893914,1.0687295934893914
-38.601519142105055,-3.033957258621321,1.0687295934893914,1.0687295934893914
-38.42763914210506,-3.265797258621319,1.0687295934893914,1.0687295934893914
-38.19579914210506,-3.584577258621316,1.061237945231888,1.061237945231888
-38.021919142105055,-3.816417258621321,1.061237945231888,1.061237945231888
-37.84803914210506,-4.0482572586213195,1.061237945231888,1.061237945231888
-37.674159142105054,-4.280097258621318,1.061237945231888,1.061237945231888
-37.529259142105055,-4.482957258621319,1.0548879229567472,1.0548879229567472
-37.384359142105055,-4.714797258621321,1.0781183207793104,1.0781183207793104
-37.181499142105054,-5.00459725862132,1.0691224365805816,1.0691224365805816
-37.036599142105054,-5.207457258621318,1.061237945231888,1.061237945231888
-36.83373914210505,-5.4972572586213175,1.0536930334779668,1.0536930334779668
-36.68883914210505,-5.75807725862132,1.06400416314975,1.06400416314975
-36.54393914210505,-6.018897258621319,1.075778820761963,1.075778820761963
-36.456999142105055,-6.134817258621318,1.061237945231888,1.061237945231888
-36.25413914210505,-6.51155725862132,1.0628195227789148,1.0628195227789148
-36.19617914210506,-6.627477258621319,1.0691224365805816,1.0691224365805816
-36.022299142105055,-6.97523725862132,1.0628195227789148,1.0628195227789148
-35.90637914210505,-7.207077258621318,1.0628195227789148,1.0628195227789148
-35.79045914210506,-7.43891725862132,1.0628195227789148,1.0628195227789148
-35.674539142105054,-7.670757258621318,1.0628195227789148,1.0628195227789148
-35.55861914210506,-7.90259725862132,1.0628195227789148,1.0628195227789148
-35.50065914210506,-8.01851725862132,1.0691224365805816,1.0691224365805816
-35.35575914210506,-8.22137725862132,1.061237945231888,1.061237945231888
-35.21085914210506,-8.424237258621318,1.0548879229567472,1.0548879229567472
-35.12391914210506,-8.540157258621317,1.0655816349768796,1.0655816349768796
-34.892079142105054,-8.771997258621319,1.0655816349768796,1.0655816349768796
-34.77615914210506,-8.858937258621317,1.0548879229567472,1.0548879229567472
-34.660239142105056,-8.94587725862132,1.06400416314975,1.06400416314975
-34.54431914210505,-9.003837258621317,1.0655816349768796,1.0655816349768796
-34.42839914210506,-9.032817258621318,1.0548879229567472,1.0548879229567472
-34.312479142105055,-9.061797258621318,1.0576707487682544,1.0576707487682544
-34.19655914210506,-9.09077725862132,1.0738253438990906,1.0738253438990906
-34.022679142105055,-9.09077725862132,1.07226,1.07226
-33.877779142105055,-9.061797258621318,1.046896232680202,1.046896232680202
-33.76185914210506,-9.061797258621318,1.0628195227789148,1.0628195227789148
-33.530019142105054,-9.003837258621317,1.0628195227789148,1.0628195227789148
-33.41409914210506,-8.97485725862132,1.0632145495618464,1.0632145495618464
-33.095319142105055,-8.887917258621318,1.0687295934893914,1.0687295934893914
-32.97939914210506,-8.858937258621317,1.07226,1.07226
-32.660619142105055,-8.743017258621318,1.0472972655363901,1.0472972655363901
-32.42877914210506,-8.68505725862132,1.0472972655363901,1.0472972655363901
-32.19693914210506,-8.627097258621319,1.0472972655363901,1.0472972655363901
-31.994079142105058,-8.569137258621318,1.0548879229567472,1.0548879229567472
-31.76223914210506,-8.51117725862132,1.0548879229567472,1.0548879229567472
-31.530399142105054,-8.453217258621319,1.0548879229567472,1.0548879229567472
-31.211619142105057,-8.36627725862132,1.0628195227789148,1.0628195227789148
-30.97977914210506,-8.308317258621319,1.0628195227789148,1.0628195227789148
-30.747939142105054,-8.250357258621317,1.0628195227789148,1.0628195227789148
-30.632019142105058,-8.22137725862132,1.0632145495618464,1.0632145495618464
-30.313239142105054,-8.134437258621318,1.0687295934893914,1.0687295934893914
-30.081399142105056,-8.07647725862132,1.0687295934893914,1.0687295934893914
-29.965479142105053,-8.04749725862132,1.07226,1.07226
-29.646699142105057,-7.960557258621318,1.0753884092735981,1.0753884092735981
-29.41485914210506,-7.873617258621319,1.0472972655363901,1.0472972655363901
-29.183019142105053,-7.815657258621318,1.0472972655363901,1.0472972655363901
-28.98015914210506,-7.75769725862132,1.0548879229567472,1.0548879229567472
-28.748319142105053,-7.699737258621319,1.0548879229567472,1.0548879229567472
-28.516479142105055,-7.6417772586213175,1.0548879229567472,1.0548879229567472
-28.19769914210506,-7.554837258621319,1.0628195227789148,1.0628195227789148
-27.965859142105053,-7.496877258621318,1.0628195227789148,1.0628195227789148
-27.734019142105055,-7.43891725862132,1.0628195227789148,1.0628195227789148
-27.61809914210506,-7.409937258621319,1.0632145495618464,1.0632145495618464
-27.299319142105055,-7.322997258621317,1.0687295934893914,1.0687295934893914
-27.067479142105057,-7.265037258621319,1.0687295934893914,1.0687295934893914
-26.951559142105054,-7.236057258621319,1.07226,1.07226
-26.632779142105058,-7.14911725862132,1.0753884092735981,1.0753884092735981
-26.40093914210506,-7.062177258621318,1.0472972655363901,1.0472972655363901
-26.169099142105054,-7.0042172586213205,1.0472972655363901,1.0472972655363901
-25.966239142105053,-6.946257258621319,1.0548879229567472,1.0548879229567472
-25.734399142105055,-6.888297258621318,1.0548879229567472,1.0548879229567472
-25.502559142105056,-6.83033725862132,1.0548879229567472,1.0548879229567472
-25.270719142105058,-6.772377258621319,1.0548879229567472,1.0548879229567472
-24.951939142105054,-6.68543725862132,1.0628195227789148,1.0628195227789148
-24.720099142105056,-6.627477258621319,1.0628195227789148,1.0628195227789148
-24.604179142105053,-6.598497258621318,1.0632145495618464,1.0632145495618464
-24.285399142105057,-6.51155725862132,1.0687295934893914,1.0687295934893914
-24.05355914210506,-6.453597258621318,1.0687295934893914,1.0687295934893914
-23.821719142105053,-6.395637258621321,1.0687295934893914,1.0687295934893914
-23.705799142105057,-6.36665725862132,1.07226,1.07226
-23.387019142105054,-6.250737258621317,1.0472972655363901,1.0472972655363901
-23.155179142105055,-6.1927772586213194,1.0472972655363901,1.0472972655363901
-22.952319142105054,-6.134817258621318,1.0548879229567472,1.0548879229567472
-22.720479142105056,-6.07685725862132,1.0548879229567472,1.0548879229567472
-22.488639142105058,-6.018897258621319,1.0548879229567472,1.0548879229567472
-22.25679914210506,-5.960937258621318,1.0548879229567472,1.0548879229567472
-21.938019142105055,-5.873997258621319,1.0628195227789148,1.0628195227789148
-21.706179142105057,-5.816037258621318,1.0628195227789148,1.0628195227789148
-21.590259142105054,-5.787057258621317,1.0632145495618464,1.0632145495618464
-21.271479142105058,-5.700117258621319,1.0687295934893914,1.0687295934893914
-21.03963914210506,-5.642157258621317,1.0687295934893914,1.0687295934893914
-20.807799142105054,-5.5841972586213195,1.0687295934893914,1.0687295934893914
-20.69187914210505,-5.555217258621319,1.07226,1.07226
-20.373099142105062,-5.43929725862132,1.0472972655363901,1.0472972655363901
-20.141259142105056,-5.381337258621318,1.0472972655363901,1.0472972655363901
-19.938399142105055,-5.323377258621321,1.0548879229567472,1.0548879229567472
-19.70655914210505,-5.265417258621319,1.0548879229567472,1.0548879229567472
-19.47471914210506,-5.207457258621318,1.0548879229567472,1.0548879229567472
-19.242879142105053,-5.14949725862132,1.0548879229567472,1.0548879229567472
-18.924099142105064,-5.062557258621318,1.0628195227789148,1.0628195227789148
-18.69225914210506,-5.00459725862132,1.0628195227789148,1.0628195227789148
-18.460419142105053,-4.946637258621319,1.0628195227789148,1.0628195227789148
-18.34449914210505,-4.917657258621318,1.0632145495618464,1.0632145495618464
-18.02571914210506,-4.83071725862132,1.0687295934893914,1.0687295934893914
-17.793879142105055,-4.7727572586213185,1.0687295934893914,1.0687295934893914
-17.677959142105053,-4.743777258621318,1.07226,1.07226
-17.359179142105063,-4.627857258621319,1.0472972655363901,1.0472972655363901
-17.127339142105058,-4.569897258621317,1.0472972655363901,1.0472972655363901
-16.895499142105052,-4.51193725862132,1.0472972655363901,1.0472972655363901
-16.69263914210505,-4.453977258621318,1.0548879229567472,1.0548879229567472
-16.46079914210506,-4.39601725862132,1.0548879229567472,1.0548879229567472
-16.228959142105055,-4.338057258621319,1.0548879229567472,1.0548879229567472
-15.91017914210505,-4.251117258621321,1.0628195227789148,1.0628195227789148
-15.67833914210506,-4.193157258621319,1.0628195227789148,1.0628195227789148
-15.446499142105054,-4.135197258621318,1.0628195227789148,1.0628195227789148
-15.330579142105051,-4.106217258621321,1.0632145495618464,1.0632145495618464
-15.011799142105062,-4.019277258621322,1.0687295934893914,1.0687295934893914
-14.779959142105056,-3.961317258621321,1.0687295934893914,1.0687295934893914
-14.664039142105054,-3.9323372586213168,1.07226,1.07226
-14.34525914210505,-3.816417258621321,1.0472972655363901,1.0472972655363901
-14.113419142105059,-3.75845725862132,1.0472972655363901,1.0472972655363901
-13.881579142105053,-3.7004972586213185,1.0472972655363901,1.0472972655363901
-13.678719142105052,-3.642537258621317,1.0548879229567472,1.0548879229567472
-13.446879142105061,-3.584577258621316,1.0548879229567472,1.0548879229567472
-13.215039142105056,-3.5266172586213216,1.0548879229567472,1.0548879229567472
-12.896259142105052,-3.439677258621316,1.0628195227789148,1.0628195227789148
-12.66441914210506,-3.3817172586213218,1.0628195227789148,1.0628195227789148
-12.432579142105055,-3.3237572586213204,1.0628195227789148,1.0628195227789148
-12.316659142105053,-3.294777258621316,1.0632145495618464,1.0632145495618464
-11.997879142105063,-3.2078372586213177,1.0687295934893914,1.0687295934893914
-11.766039142105058,-3.1498772586213164,1.0687295934893914,1.0687295934893914
-11.534199142105052,-3.091917258621322,1.0687295934893914,1.0687295934893914
-11.418279142105064,-3.033957258621321,1.044888759629464,1.044888759629464
-11.09949914210506,-2.9470172586213224,1.0472972655363901,1.0472972655363901
-10.867659142105055,-2.889057258621321,1.0472972655363901,1.0472972655363901
-10.664799142105053,-2.8310972586213197,1.0548879229567472,1.0548879229567472
-10.432959142105062,-2.7731372586213183,1.0548879229567472,1.0548879229567472
-10.201119142105057,-2.715177258621317,1.0548879229567472,1.0548879229567472
-9.969279142105052,-2.6572172586213156,1.0548879229567472,1.0548879229567472
-9.650499142105062,-2.570277258621317,1.0628195227789148,1.0628195227789148
-9.418659142105057,-2.512317258621316,1.0628195227789148,1.0628195227789148
-9.302739142105054,-2.4833372586213187,1.0632145495618464,1.0632145495618464
-8.98395914210505,-2.3963972586213202,1.0687295934893914,1.0687295934893914
-8.752119142105059,-2.338437258621319,1.0687295934893914,1.0687295934893914
-8.520279142105053,-2.2804772586213176,1.0687295934893914,1.0687295934893914
-8.40435914210505,-2.2514972586213204,1.07226,1.07226
-8.085579142105061,-2.1355772586213178,1.0472972655363901,1.0472972655363901
-7.853739142105056,-2.0776172586213164,1.0472972655363901,1.0472972655363901
-7.650879142105055,-2.019657258621322,1.0548879229567472,1.0548879229567472
-7.419039142105063,-1.9616972586213208,1.0548879229567472,1.0548879229567472
-7.187199142105058,-1.9037372586213195,1.0548879229567472,1.0548879229567472
-6.955359142105053,-1.8457772586213181,1.0548879229567472,1.0548879229567472
-6.636579142105063,-1.7588372586213197,1.0628195227789148,1.0628195227789148
-6.404739142105058,-1.7008772586213183,1.0628195227789148,1.0628195227789148
-6.288819142105055,-1.6718972586213212,1.0632145495618464,1.0632145495618464
-5.970039142105051,-1.5849572586213156,1.0687295934893914,1.0687295934893914
-5.73819914210506,-1.5269972586213214,1.0687295934893914,1.0687295934893914
-5.506359142105055,-1.46903725862132,1.0687295934893914,1.0687295934893914
-5.390439142105052,-1.4400572586213158,1.07226,1.07226
-5.071659142105062,-1.3241372586213203,1.0472972655363901,1.0472972655363901
-4.839819142105057,-1.266177258621319,1.0472972655363901,1.0472972655363901
-4.6079791421050516,-1.2082172586213176,1.0472972655363901,1.0472972655363901
-4.40511914210505,-1.1502572586213162,1.0548879229567472,1.0548879229567472
-4.173279142105059,-1.092297258621322,1.0548879229567472,1.0548879229567472
-3.941439142105054,-1.0343372586213206,1.0548879229567472,1.0548879229567472
-3.6226591421050642,-0.9473972586213222,1.0628195227789148,1.0628195227789148
-3.390819142105059,-0.8894372586213208,1.0628195227789148,1.0628195227789148
-3.1589791421050535,-0.8314772586213195,1.0628195227789148,1.0628195227789148
-3.043059142105051,-0.8024972586213224,1.0632145495618464,1.0632145495618464
-2.724279142105061,-0.7155572586213168,1.0687295934893914,1.0687295934893914
-2.492439142105056,-0.6575972586213226,1.0687295934893914,1.0687295934893914
-2.376519142105053,-0.6286172586213183,1.07226,1.07226
-2.0577391421050635,-0.5126972586213157,1.0472972655363901,1.0472972655363901
-1.825899142105058,-0.4547372586213214,1.0472972655363901,1.0472972655363901
-1.5940591421050527,-0.3967772586213201,1.0472972655363901,1.0472972655363901
-1.3911991421050516,-0.33881725862131873,1.0548879229567472,1.0548879229567472
-1.1593591421050604,-0.2808572586213174,1.0548879229567472,1.0548879229567472
-0.927519142105055,-0.22289725862131604,1.0548879229567472,1.0548879229567472
-0.6087391421050512,-0.13595725862131758,1.0628195227789148,1.0628195227789148
-0.37689914210506004,-0.07799725862131623,1.0628195227789148,1.0628195227789148
-0.14505914210505466,-0.020037258621321996,1.0628195227789148,1.0628195227789148
-0.029139142105051974,0.008942741378682229,1.0632145495618464,1.0632145495618464
0.28964085789493765,0.09588274137868069,1.0687295934893914,1.0687295934893914
0.521480857894943,0.15384274137868204,1.0687295934893914,1.0687295934893914
0.6374008578949457,0.18282274137867915,1.07226,1.07226
0.9561808578949496,0.29874274137868184,1.0472972655363901,1.0472972655363901
1.1880208578949407,0.3567027413786832,1.0472972655363901,1.0472972655363901
1.419860857894946,0.4146627413786774,1.0472972655363901,1.0472972655363901
1.6227208578949472,0.47262274137867877,1.0548879229567472,1.0548879229567472
1.8545608578949384,0.5305827413786801,1.0548879229567472,1.0548879229567472
2.086400857894944,0.5885427413786815,1.0548879229567472,1.0548879229567472
2.4051808578949476,0.6754827413786799,1.0628195227789148,1.0628195227789148
2.637020857894939,0.7334427413786813,1.0628195227789148,1.0628195227789148
2.868860857894944,0.7914027413786826,1.0628195227789148,1.0628195227789148
2.984780857894947,0.8203827413786797,1.0632145495618464,1.0632145495618464
3.3035608578949365,0.9073227413786782,1.0687295934893914,1.0687295934893914
3.535400857894942,0.9652827413786795,1.0687295934893914,1.0687295934893914
3.7672408578949472,1.0232427413786809,1.0687295934893914,1.0687295934893914
3.8831608578949357,1.0812027413786822,1.044888759629464,1.044888759629464
4.2019408578949395,1.1681427413786807,1.0472972655363901,1.0472972655363901
4.433780857894945,1.226102741378682,1.0472972655363901,1.0472972655363901
4.636640857894946,1.2840627413786834,1.0548879229567472,1.0548879229567472
4.868480857894937,1.3420227413786776,1.0548879229567472,1.0548879229567472
5.100320857894943,1.399982741378679,1.0548879229567472,1.0548879229567472
5.332160857894948,1.4579427413786803,1.0548879229567472,1.0548879229567472
5.650940857894938,1.5448827413786788,1.0628195227789148,1.0628195227789148
5.882780857894943,1.60284274137868,1.0628195227789148,1.0628195227789148
5.998700857894946,1.6318227413786843,1.0632145495618464,1.0632145495618464
6.317480857894935,1.7187627413786828,1.0687295934893914,1.0687295934893914
6.549320857894941,1.7767227413786841,1.0687295934893914,1.0687295934893914
6.665240857894943,1.8057027413786813,1.07226,1.07226
6.984020857894947,1.921622741378684,1.0472972655363901,1.0472972655363901
7.215860857894938,1.9795827413786782,1.0472972655363901,1.0472972655363901
7.447700857894944,2.0375427413786795,1.0472972655363901,1.0472972655363901
7.650560857894945,2.095502741378681,1.0548879229567472,1.0548879229567472
7.882400857894936,2.153462741378682,1.0548879229567472,1.0548879229567472
8.114240857894941,2.2114227413786836,1.0548879229567472,1.0548879229567472
8.433020857894945,2.298362741378682,1.0628195227789148,1.0628195227789148
8.664860857894936,2.3563227413786834,1.0628195227789148,1.0628195227789148
8.896700857894942,2.4142827413786776,1.0628195227789148,1.0628195227789148
9.012620857894944,2.443262741378682,1.0632145495618464,1.0632145495618464
9.331400857894948,2.5302027413786803,1.0687295934893914,1.0687295934893914
9.56324085789494,2.5881627413786816,1.0687295934893914,1.0687295934893914
9.679160857894942,2.6171427413786787,1.07226,1.07226
9.997940857894946,2.7330627413786814,1.0472972655363901,1.0472972655363901
10.229780857894937,2.791022741378683,1.0472972655363901,1.0472972655363901
10.461620857894943,2.848982741378684,1.0472972655363901,1.0472972655363901
10.664480857894944,2.9069427413786784,1.0548879229567472,1.0548879229567472
10.896320857894949,2.9649027413786797,1.0548879229567472,1.0548879229567472
11.12816085789494,3.022862741378681,1.0548879229567472,1.0548879229567472
11.360000857894946,3.0808227413786824,1.0548879229567472,1.0548879229567472
11.678780857894935,3.167762741378681,1.0628195227789148,1.0628195227789148
11.91062085789494,3.225722741378682,1.0628195227789148,1.0628195227789148
12.142460857894946,3.2836827413786835,1.0628195227789148,1.0628195227789148
12.258380857894949,3.3126627413786807,1.0632145495618464,1.0632145495618464
12.577160857894938,3.399602741378679,1.0687295934893914,1.0687295934893914
12.809000857894944,3.4575627413786805,1.0687295934893914,1.0687295934893914
13.040840857894949,3.515522741378682,1.0687295934893914,1.0687295934893914
13.27268085789494,3.573482741378683,1.0687295934893914,1.0687295934893914
13.388600857894943,3.6314427413786774,1.044888759629464,1.044888759629464
13.707380857894947,3.718382741378683,1.0472972655363901,1.0472972655363901
13.939220857894938,3.776342741378677,1.0472972655363901,1.0472972655363901
14.142080857894939,3.8343027413786785,1.0548879229567472,1.0548879229567472
14.373920857894944,3.89226274137868,1.0548879229567472,1.0548879229567472
14.605760857894936,3.9502227413786812,1.0548879229567472,1.0548879229567472
14.837600857894941,4.008182741378683,1.0548879229567472,1.0548879229567472
15.156380857894945,4.095122741378681,1.0628195227789148,1.0628195227789148
15.272300857894948,4.124102741378678,1.0632145495618464,1.0632145495618464
15.475160857894949,4.1820627413786795,1.07226,1.07226
15.764960857894948,4.297982741378682,1.0548879229567472,1.0548879229567472
15.967820857894935,4.3559427413786835,1.0632145495618464,1.0632145495618464
16.170680857894936,4.413902741378678,1.07226,1.07226
16.373540857894938,4.500842741378683,1.0548879229567472,1.0548879229567472
16.48946085789494,4.558802741378678,1.0501002072183396,1.0501002072183396
16.721300857894946,4.645742741378683,1.075778820761963,1.075778820761963
16.953140857894937,4.761662741378679,1.075778820761963,1.075778820761963
17.184980857894942,4.877582741378681,1.075778820761963,1.075778820761963
17.416820857894947,4.993502741378684,1.075778820761963,1.075778820761963
17.64866085789494,5.10942274137868,1.075778820761963,1.075778820761963
17.880500857894944,5.225342741378682,1.075778820761963,1.075778820761963
18.112340857894935,5.341262741378678,1.075778820761963,1.075778820761963
18.34418085789494,5.457182741378681,1.075778820761963,1.075778820761963
18.576020857894946,5.573102741378683,1.075778820761963,1.075778820761963
18.807860857894937,5.689022741378679,1.075778820761963,1.075778820761963
19.039700857894942,5.833922741378679,1.0501002072183396,1.0501002072183396
19.21358085789494,5.920862741378677,1.0536930334779668,1.0536930334779668
19.532360857894943,6.094742741378681,1.0628195227789148,1.0628195227789148
19.70624085789494,6.18168274137868,1.06400416314975,1.06400416314975
19.967060857894936,6.3265827413786795,1.075778820761963,1.075778820761963
20.140940857894947,6.442502741378682,1.0536930334779668,1.0536930334779668
20.401760857894942,6.587402741378682,1.06400416314975,1.06400416314975
20.662580857894937,6.732302741378682,1.075778820761963,1.075778820761963
20.77850085789494,6.81924274137868,1.061237945231888,1.061237945231888
20.98136085789494,6.935162741378683,1.0781183207793104,1.0781183207793104
21.329120857894935,7.167002741378681,1.06400416314975,1.06400416314975
21.531980857894936,7.311902741378681,1.0536930334779668,1.0536930334779668
21.734840857894937,7.427822741378684,1.0691224365805816,1.0691224365805816
21.85076085789494,7.514762741378682,1.0687295934893914,1.0687295934893914
22.169540857894944,7.74660274137868,1.061237945231888,1.061237945231888
22.401380857894935,7.920482741378677,1.061237945231888,1.061237945231888
22.63322085789494,8.094362741378681,1.061237945231888,1.061237945231888
22.749140857894943,8.18130274137868,1.0663694958127787,1.0663694958127787
22.952000857894944,8.355182741378684,1.0862668926189365,1.0862668926189365
23.183840857894936,8.587022741378682,1.0862668926189365,1.0862668926189365
23.357720857894947,8.789882741378683,1.0655816349768796,1.0655816349768796
23.473640857894935,8.905802741378679,1.0781183207793104,1.0781183207793104
23.589560857894938,9.10866274137868,1.061237945231888,1.061237945231888
23.676500857894936,9.224582741378683,1.075778820761963,1.075778820761963
23.734460857894945,9.39846274137868,1.0505000169443122,1.0505000169443122
23.79242085789494,9.514382741378682,1.0632145495618464,1.0632145495618464
23.821400857894943,9.630302741378678,1.0628195227789148,1.0628195227789148
23.850380857894947,9.74622274137868,1.075778820761963,1.075778820761963
23.850380857894947,9.89112274137868,1.07226,1.07226
23.850380857894947,10.122962741378679,1.07226,1.07226
23.821400857894943,10.296842741378683,1.044888759629464,1.044888759629464
23.821400857894943,10.412762741378678,1.0576707487682544,1.0576707487682544
23.79242085789494,10.528682741378681,1.0548879229567472,1.0548879229567472
23.734460857894945,10.76052274137868,1.0548879229567472,1.0548879229567472
23.647520857894946,11.079302741378683,1.0628195227789148,1.0628195227789148
23.618540857894942,11.195222741378679,1.0632145495618464,1.0632145495618464
23.560580857894948,11.39808274137868,1.07226,1.07226
23.444660857894945,11.716862741378684,1.0472972655363901,1.0472972655363901
23.386700857894937,11.919722741378678,1.0548879229567472,1.0548879229567472
23.29976085789494,12.238502741378682,1.0628195227789148,1.0628195227789148
23.270780857894948,12.354422741378677,1.0632145495618464,1.0632145495618464
23.21282085789494,12.557282741378678,1.07226,1.07226
23.096900857894937,12.876062741378682,1.0472972655363901,1.0472972655363901
23.038940857894943,13.078922741378683,1.0548879229567472,1.0548879229567472
22.98098085789495,13.310762741378682,1.0548879229567472,1.0548879229567472
22.894040857894936,13.629542741378678,1.0628195227789148,1.0628195227789148
22.865060857894946,13.745462741378681,1.0632145495618464,1.0632145495618464
22.778120857894947,14.064242741378678,1.0687295934893914,1.0687295934893914
22.72016085789494,14.18016274137868,1.044888759629464,1.044888759629464
22.63322085789494,14.46996274137868,1.0548879229567472,1.0548879229567472
22.575260857894946,14.701802741378678,1.0548879229567472,1.0548879229567472
22.488320857894948,15.020582741378682,1.0628195227789148,1.0628195227789148
22.459340857894944,15.136502741378678,1.0632145495618464,1.0632145495618464
22.372400857894945,15.455282741378682,1.0687295934893914,1.0687295934893914
22.34342085789494,15.571202741378677,1.07226,1.07226
22.22750085789494,15.889982741378681,1.0472972655363901,1.0472972655363901
22.169540857894944,16.092842741378682,1.0548879229567472,1.0548879229567472
22.082600857894946,16.41162274137868,1.0628195227789148,1.0628195227789148
22.05362085789494,16.52754274137868,1.0632145495618464,1.0632145495618464
21.966680857894943,16.84632274137868,1.0687295934893914,1.0687295934893914
21.90872085789495,16.96224274137868,1.044888759629464,1.044888759629464
21.821780857894936,17.25204274137868,1.0548879229567472,1.0548879229567472
21.734840857894937,17.570822741378677,1.0628195227789148,1.0628195227789148
21.705860857894947,17.68674274137868,1.0632145495618464,1.0632145495618464
21.64790085789494,17.88960274137868,1.07226,1.07226
21.531980857894936,18.17940274137868,1.0548879229567472,1.0548879229567472
21.474020857894942,18.41124274137868,1.0548879229567472,1.0548879229567472
21.416060857894948,18.61410274137868,1.0632145495618464,1.0632145495618464
21.35810085789494,18.81696274137868,1.07226,1.07226
21.242180857894937,19.135742741378678,1.0472972655363901,1.0472972655363901
21.184220857894942,19.33860274137868,1.0548879229567472,1.0548879229567472
21.097280857894944,19.657382741378683,1.0628195227789148,1.0628195227789148
21.039320857894936,19.88922274137868,1.0628195227789148,1.0628195227789148
21.010340857894946,20.005142741378677,1.0632145495618464,1.0632145495618464
20.923400857894947,20.32392274137868,1.0687295934893914,1.0687295934893914
20.86544085789494,20.55576274137868,1.0687295934893914,1.0687295934893914
20.807480857894944,20.67168274137868,1.044888759629464,1.044888759629464
20.720540857894946,20.99046274137868,1.0472972655363901,1.0472972655363901
20.662580857894937,21.19332274137868,1.0548879229567472,1.0548879229567472
20.604620857894943,21.425162741378678,1.0548879229567472,1.0548879229567472
20.546660857894935,21.62802274137868,1.0632145495618464,1.0632145495618464
20.48870085789494,21.83088274137868,1.07226,1.07226
20.401760857894942,22.03374274137868,1.0548879229567472,1.0548879229567472
20.372780857894938,22.149662741378677,1.075778820761963,1.075778820761963
20.227880857894945,22.46844274137868,1.0655816349768796,1.0655816349768796
20.140940857894947,22.642322741378678,1.0628195227789148,1.0628195227789148
20.05400085789495,22.81620274137868,1.06400416314975,1.06400416314975
19.99604085789494,22.932122741378677,1.0781183207793104,1.0781183207793104
19.79318085789494,23.221922741378677,1.0691224365805816,1.0691224365805816
19.648280857894946,23.424782741378678,1.061237945231888,1.061237945231888
19.561340857894947,23.54070274137868,1.0663694958127787,1.0663694958127787
19.358480857894946,23.801522741378683,1.0687295934893914,1.0687295934893914
19.184600857894935,23.97540274137868,1.0655816349768796,1.0655816349768796
18.98174085789495,24.17826274137868,1.0663694958127787,1.0663694958127787
18.865820857894946,24.26520274137868,1.061237945231888,1.061237945231888
18.605000857894936,24.497042741378678,1.0781183207793104,1.0781183207793104
18.373160857894945,24.641942741378678,1.0548879229567472,1.0548879229567472
18.257240857894942,24.728882741378683,1.06400416314975,1.06400416314975
17.996420857894947,24.873782741378683,1.0536930334779668,1.0536930334779668
17.880500857894944,24.931742741378677,1.0505000169443122,1.0505000169443122
17.61968085789495,25.04766274137868,1.0628195227789148,1.0628195227789148
17.387840857894943,25.163582741378683,1.0628195227789148,1.0628195227789148
17.27192085789494,25.19256274137868,1.044888759629464,1.044888759629464
17.06906085789494,25.27950274137868,1.0632145495618464,1.0632145495618464
16.86620085789494,25.33746274137868,1.0548879229567472,1.0548879229567472
16.634360857894947,25.39542274137868,1.0548879229567472,1.0548879229567472
16.518440857894944,25.424402741378678,1.0576707487682544,1.0576707487682544
16.257620857894935,25.48236274137868,1.0628195227789148,1.0628195227789148
15.967820857894935,25.54032274137868,1.0753884092735981,1.0753884092735981
15.851900857894947,25.54032274137868,1.0532944357585867,1.0532944357585867
15.735980857894944,25.54032274137868,1.0436824223871934,1.0436824223871934
15.533120857894943,25.569302741378678,1.07226,1.07226
15.301280857894938,25.569302741378678,1.07226,1.07226
15.069440857894946,25.569302741378678,1.07226,1.07226
14.837600857894941,25.569302741378678,1.07226,1.07226
14.605760857894936,25.569302741378678,1.07226,1.07226
14.373920857894944,25.569302741378678,1.07226,1.07226
14.142080857894939,25.569302741378678,1.07226,1.07226
13.910240857894948,25.569302741378678,1.07226,1.07226
13.678400857894943,25.54032274137868,1.04328,1.04328
13.475540857894941,25.54032274137868,1.0436824223871934,1.0436824223871934
13.359620857894939,25.54032274137868,1.0532944357585867,1.0532944357585867
12.98288085789494,25.511342741378677,1.07226,1.07226
12.751040857894935,25.511342741378677,1.07226,1.07226
12.519200857894944,25.511342741378677,1.07226,1.07226
12.287360857894939,25.511342741378677,1.07226,1.07226
12.055520857894948,25.48236274137868,1.04328,1.04328
11.823680857894942,25.48236274137868,1.04328,1.04328
11.649800857894945,25.48236274137868,1.044888759629464,1.044888759629464
11.533880857894943,25.48236274137868,1.0576707487682544,1.0576707487682544
11.12816085789494,25.453382741378682,1.07226,1.07226
10.896320857894949,25.453382741378682,1.07226,1.07226
10.664480857894944,25.453382741378682,1.07226,1.07226
10.432640857894938,25.453382741378682,1.07226,1.07226
10.200800857894947,25.453382741378682,1.07226,1.07226
9.968960857894942,25.453382741378682,1.07226,1.07226
9.737120857894936,25.453382741378682,1.07226,1.07226
9.505280857894945,25.453382741378682,1.07226,1.07226
9.27344085789494,25.424402741378678,1.04328,1.04328
9.041600857894949,25.424402741378678,1.04328,1.04328
8.838740857894948,25.424402741378678,1.0436824223871934,1.0436824223871934
8.722820857894945,25.424402741378678,1.0532944357585867,1.0532944357585867
8.346080857894947,25.39542274137868,1.07226,1.07226
8.114240857894941,25.39542274137868,1.07226,1.07226
7.882400857894936,25.39542274137868,1.07226,1.07226
7.650560857894945,25.39542274137868,1.07226,1.07226
7.4187208578949395,25.39542274137868,1.07226,1.07226
7.186880857894948,25.39542274137868,1.07226,1.07226
6.955040857894943,25.39542274137868,1.07226,1.07226
6.723200857894938,25.39542274137868,1.07226,1.07226
6.491360857894946,25.366442741378677,1.04328,1.04328
6.259520857894941,25.366442741378677,1.04328,1.04328
6.143600857894938,25.366442741378677,1.0497002452128894,1.0497002452128894
6.027680857894936,25.366442741378677,1.0687295934893914,1.0687295934893914
5.564000857894939,25.33746274137868,1.07226,1.07226
5.332160857894948,25.33746274137868,1.07226,1.07226
5.100320857894943,25.33746274137868,1.07226,1.07226
4.868480857894937,25.33746274137868,1.07226,1.07226
4.636640857894946,25.33746274137868,1.07226,1.07226
4.404800857894941,25.33746274137868,1.07226,1.07226
4.172960857894935,25.308482741378683,1.04328,1.04328
3.941120857894944,25.308482741378683,1.04328,1.04328
3.8252008578949415,25.308482741378683,1.0497002452128894,1.0497002452128894
3.7092808578949388,25.308482741378683,1.0687295934893914,1.0687295934893914
3.2456008578949422,25.27950274137868,1.07226,1.07226
3.013760857894937,25.27950274137868,1.07226,1.07226
2.7819208578949457,25.27950274137868,1.07226,1.07226
2.5500808578949403,25.27950274137868,1.07226,1.07226
2.318240857894949,25.27950274137868,1.07226,1.07226
2.086400857894944,25.27950274137868,1.07226,1.07226
1.8545608578949384,25.25052274137868,1.04328,1.04328
1.6227208578949472,25.25052274137868,1.04328,1.04328
1.4778208578949403,25.25052274137868,1.046896232680202,1.046896232680202
1.3619008578949376,25.25052274137868,1.0628195227789148,1.0628195227789148
0.9272008578949453,25.221542741378677,1.07226,1.07226
0.69536085789494,25.221542741378677,1.07226,1.07226
0.4635208578949488,25.221542741378677,1.07226,1.07226
0.23168085789494341,25.221542741378677,1.07226,1.07226
-0.00015914210506196014,25.221542741378677,1.07226,1.07226
-0.23199914210505312,25.221542741378677,1.07226,1.07226
-0.4638391421050585,25.19256274137868,1.04328,1.04328
-0.6956791421050639,25.19256274137868,1.04328,1.04328
-0.8695591421050608,25.19256274137868,1.044888759629464,1.044888759629464
-0.9854791421050635,25.19256274137868,1.0576707487682544,1.0576707487682544
-1.3911991421050516,25.163582741378683,1.07226,1.07226
-1.623039142105057,25.163582741378683,1.07226,1.07226
-1.8548791421050623,25.163582741378683,1.07226,1.07226
-2.0867191421050535,25.163582741378683,1.07226,1.07226
-2.318559142105059,25.163582741378683,1.07226,1.07226
-2.5503991421050642,25.163582741378683,1.07226,1.07226
-2.7822391421050554,25.163582741378683,1.07226,1.07226
-3.014079142105061,25.13460274137868,1.04328,1.04328
-3.216939142105062,25.13460274137868,1.0436824223871934,1.0436824223871934
-3.3328591421050504,25.13460274137868,1.0532944357585867,1.0532944357585867
-3.7095991421050627,25.10562274137868,1.07226,1.07226
-3.941439142105054,25.10562274137868,1.07226,1.07226
-4.173279142105059,25.10562274137868,1.07226,1.07226
-4.40511914210505,25.10562274137868,1.07226,1.07226
-4.636959142105056,25.10562274137868,1.07226,1.07226
-4.868799142105061,25.10562274137868,1.07226,1.07226
-5.100639142105052,25.10562274137868,1.07226,1.07226
-5.332479142105058,25.10562274137868,1.07226,1.07226
-5.564319142105063,25.10562274137868,1.07226,1.07226
-5.796159142105054,25.10562274137868,1.07226,1.07226
-6.02799914210506,25.076642741378677,1.04328,1.04328
-6.259839142105051,25.076642741378677,1.04328,1.04328
-6.491679142105056,25.076642741378677,1.04328,1.04328
-6.7235191421050615,25.076642741378677,1.04328,1.04328
-6.839439142105064,25.076642741378677,1.0497002452128894,1.0497002452128894
-6.955359142105053,25.076642741378677,1.0687295934893914,1.0687295934893914
-7.419039142105063,25.04766274137868,1.07226,1.07226
-7.650879142105055,25.04766274137868,1.07226,1.07226
-7.88271914210506,25.04766274137868,1.07226,1.07226
-8.114559142105051,25.04766274137868,1.07226,1.07226
-8.346399142105057,25.04766274137868,1.07226,1.07226
-8.578239142105062,25.04766274137868,1.07226,1.07226
-8.810079142105053,25.04766274137868,1.07226,1.07226
-9.041919142105058,25.04766274137868,1.07226,1.07226
-9.273759142105064,25.04766274137868,1.07226,1.07226
-9.505599142105055,25.04766274137868,1.07226,1.07226
-9.73743914210506,25.04766274137868,1.07226,1.07226
-10.172139142105053,25.076642741378677,1.0628195227789148,1.0628195227789148
-10.288059142105055,25.076642741378677,1.046896232680202,1.046896232680202
-10.432959142105062,25.076642741378677,1.04328,1.04328
-10.664799142105053,25.076642741378677,1.04328,1.04328
-10.896639142105059,25.076642741378677,1.04328,1.04328
-11.12847914210505,25.10562274137868,1.07226,1.07226
-11.360319142105055,25.10562274137868,1.07226,1.07226
-11.59215914210506,25.10562274137868,1.07226,1.07226
-11.823999142105052,25.10562274137868,1.07226,1.07226
-12.055839142105057,25.10562274137868,1.07226,1.07226
-12.287679142105063,25.10562274137868,1.07226,1.07226
-12.519519142105054,25.10562274137868,1.07226,1.07226
-12.75135914210506,25.10562274137868,1.07226,1.07226
-12.98319914210505,25.10562274137868,1.07226,1.07226
-13.215039142105056,25.10562274137868,1.07226,1.07226
-13.446879142105061,25.10562274137868,1.07226,1.07226
-13.678719142105052,25.10562274137868,1.07226,1.07226
-13.910559142105058,25.10562274137868,1.07226,1.07226
-14.142399142105063,25.10562274137868,1.07226,1.07226
-14.374239142105054,25.10562274137868,1.07226,1.07226
-14.60607914210506,25.10562274137868,1.07226,1.07226
-14.83791914210505,25.076642741378677,1.04328,1.04328
-14.953839142105053,25.076642741378677,1.0497002452128894,1.0497002452128894
-15.069759142105056,25.076642741378677,1.0687295934893914,1.0687295934893914
-15.533439142105053,25.04766274137868,1.07226,1.07226
-15.765279142105058,25.04766274137868,1.07226,1.07226
-15.997119142105063,25.04766274137868,1.07226,1.07226
-16.228959142105055,25.018682741378683,1.04328,1.04328
-16.344879142105057,25.018682741378683,1.0497002452128894,1.0497002452128894
-16.46079914210506,25.018682741378683,1.0687295934893914,1.0687295934893914
-16.924479142105056,24.98970274137868,1.07226,1.07226
-17.156319142105062,24.98970274137868,1.07226,1.07226
-17.388159142105053,24.96072274137868,1.04328,1.04328
-17.53305914210506,24.96072274137868,1.046896232680202,1.046896232680202
-17.648979142105063,24.96072274137868,1.0628195227789148,1.0628195227789148
-18.083679142105055,24.931742741378677,1.07226,1.07226
-18.31551914210506,24.931742741378677,1.07226,1.07226
-18.54735914210505,24.90276274137868,1.04328,1.04328
-18.69225914210506,24.90276274137868,1.046896232680202,1.046896232680202
-18.80817914210506,24.90276274137868,1.0628195227789148,1.0628195227789148
-19.242879142105053,24.873782741378683,1.07226,1.07226
-19.47471914210506,24.873782741378683,1.07226,1.07226
-19.648599142105056,24.84480274137868,1.044888759629464,1.044888759629464
-19.76451914210506,24.84480274137868,1.0576707487682544,1.0576707487682544
-20.17023914210506,24.815822741378682,1.07226,1.07226
-20.402079142105052,24.815822741378682,1.07226,1.07226
-20.54697914210506,24.786842741378678,1.046896232680202,1.046896232680202
-20.66289914210506,24.786842741378678,1.0628195227789148,1.0628195227789148
-21.097599142105054,24.75786274137868,1.07226,1.07226
-21.213519142105056,24.728882741378683,1.0497002452128894,1.0497002452128894
-21.32943914210506,24.728882741378683,1.0687295934893914,1.0687295934893914
-21.706179142105057,24.670922741378682,1.046896232680202,1.046896232680202
-21.82209914210506,24.670922741378682,1.0628195227789148,1.0628195227789148
-22.140879142105057,24.61296274137868,1.0497002452128894,1.0497002452128894
-22.25679914210506,24.61296274137868,1.0687295934893914,1.0687295934893914
-22.575579142105056,24.55500274137868,1.0532944357585867,1.0532944357585867
-22.69149914210506,24.526022741378682,1.0472972655363901,1.0472972655363901
-22.952319142105054,24.497042741378678,1.0687295934893914,1.0687295934893914
-23.213139142105057,24.439082741378677,1.0628195227789148,1.0628195227789148
-23.47395914210506,24.381122741378682,1.0576707487682544,1.0576707487682544
-23.589879142105055,24.352142741378678,1.0548879229567472,1.0548879229567472
-23.821719142105053,24.294182741378677,1.0548879229567472,1.0548879229567472
-24.140499142105057,24.20724274137868,1.0628195227789148,1.0628195227789148
-24.25641914210506,24.17826274137868,1.0632145495618464,1.0632145495618464
-24.575199142105056,24.091322741378683,1.0687295934893914,1.0687295934893914
-24.69111914210506,24.03336274137868,1.044888759629464,1.044888759629464
-24.807039142105054,24.004382741378677,1.0628195227789148,1.0628195227789148
-25.154799142105055,23.88846274137868,1.07226,1.07226
-25.357659142105057,23.801522741378683,1.0548879229567472,1.0548879229567472
-25.47357914210506,23.743562741378682,1.0501002072183396,1.0501002072183396
-25.792359142105056,23.62764274137868,1.0655816349768796,1.0655816349768796
-25.966239142105053,23.54070274137868,1.0628195227789148,1.0628195227789148
-26.19807914210506,23.424782741378678,1.0628195227789148,1.0628195227789148
-26.371959142105055,23.33784274137868,1.06400416314975,1.06400416314975
-26.632779142105058,23.19294274137868,1.075778820761963,1.075778820761963
-26.806659142105055,23.077022741378677,1.0536930334779668,1.0536930334779668
-27.009519142105056,22.96110274137868,1.0691224365805816,1.0691224365805816
-27.212379142105057,22.81620274137868,1.061237945231888,1.061237945231888
-27.415239142105058,22.70028274137868,1.0781183207793104,1.0781183207793104
-27.705039142105058,22.497422741378678,1.0691224365805816,1.0691224365805816
-27.820959142105053,22.41048274137868,1.0687295934893914,1.0687295934893914
-28.05279914210506,22.236602741378682,1.0687295934893914,1.0687295934893914
-28.284639142105057,22.06272274137868,1.0687295934893914,1.0687295934893914
-28.54545914210506,21.859862741378677,1.0726515501317284,1.0726515501317284
-28.777299142105058,21.68598274137868,1.0726515501317284,1.0726515501317284
-29.038119142105053,21.48312274137868,1.0781183207793104,1.0781183207793104
-29.26995914210506,21.280262741378678,1.0548879229567472,1.0548879229567472
-29.385879142105054,21.19332274137868,1.0655816349768796,1.0655816349768796
-29.675679142105054,20.96148274137868,1.0687295934893914,1.0687295934893914
-29.849559142105058,20.787602741378677,1.0655816349768796,1.0655816349768796
-30.081399142105056,20.55576274137868,1.0655816349768796,1.0655816349768796
-30.313239142105054,20.32392274137868,1.0655816349768796,1.0655816349768796
-30.429159142105057,20.208002741378678,1.0781183207793104,1.0781183207793104
-30.660999142105055,19.91820274137868,1.0687295934893914,1.0687295934893914
-30.83487914210506,19.68636274137868,1.0687295934893914,1.0687295934893914
-30.921819142105058,19.570442741378677,1.0691224365805816,1.0691224365805816
-31.153659142105056,19.25166274137868,1.0726515501317284,1.0726515501317284
-31.298559142105056,19.04880274137868,1.0781183207793104,1.0781183207793104
-31.443459142105056,18.81696274137868,1.0548879229567472,1.0548879229567472
-31.588359142105055,18.61410274137868,1.061237945231888,1.061237945231888
-31.76223914210506,18.382262741378682,1.061237945231888,1.061237945231888
-31.936119142105056,18.150422741378684,1.061237945231888,1.061237945231888
-32.10999914210505,17.91858274137868,1.061237945231888,1.061237945231888
-32.39979914210505,17.59980274137868,1.0687295934893914,1.0687295934893914
-32.747559142105054,17.25204274137868,1.0687295934893914,1.0687295934893914
-33.06633914210506,16.96224274137868,1.061237945231888,1.061237945231888
-33.35613914210506,16.75938274137868,1.0536930334779668,1.0536930334779668
-33.61695914210505,16.61448274137868,1.06400416314975,1.06400416314975
-34.022679142105055,16.41162274137868,1.07226,1.07226
-34.13859914210506,16.353662741378677,1.0628195227789148,1.0628195227789148
-34.39941914210505,16.237742741378682,1.0505000169443122,1.0505000169443122
-34.747179142105054,16.12182274137868,1.0632145495618464,1.0632145495618464
-34.950039142105055,16.03488274137868,1.044888759629464,1.044888759629464
-35.239839142105055,15.947942741378682,1.0548879229567472,1.0548879229567472
-35.47167914210505,15.889982741378681,1.0548879229567472,1.0548879229567472
-35.84841914210506,15.803042741378682,1.0532944357585867,1.0532944357585867
-36.13821914210506,15.745082741378681,1.046896232680202,1.046896232680202
-36.25413914210505,15.745082741378681,1.0628195227789148,1.0628195227789148
-36.659859142105056,15.68712274137868,1.0436824223871934,1.0436824223871934
-36.77577914210506,15.68712274137868,1.0532944357585867,1.0532944357585867
-37.26843914210506,15.68712274137868,1.0497002452128894,1.0497002452128894
-37.384359142105055,15.68712274137868,1.04328,1.04328
-37.819059142105054,15.745082741378681,1.0628195227789148,1.0628195227789148
-38.07987914210506,15.803042741378682,1.0687295934893914,1.0687295934893914
-38.34069914210506,15.83202274137868,1.0472972655363901,1.0472972655363901
-38.659479142105056,15.947942741378682,1.07226,1.07226
-38.86233914210506,16.005902741378684,1.0632145495618464,1.0632145495618464
-39.26805914210506,16.17978274137868,1.075778820761963,1.075778820761963
-39.49989914210506,16.26672274137868,1.0501002072183396,1.0501002072183396
-39.731739142105056,16.41162274137868,1.075778820761963,1.075778820761963
-39.99255914210506,16.55652274137868,1.06400416314975,1.06400416314975
-40.369299142105056,16.81734274137868,1.0726515501317284,1.0726515501317284
-40.63011914210506,17.020202741378682,1.0687295934893914,1.0687295934893914
-40.91991914210506,17.25204274137868,1.0655816349768796,1.0655816349768796
-41.15175914210506,17.48388274137868,1.0655816349768796,1.0655816349768796
-41.441559142105056,17.83164274137868,1.0781183207793104,1.0781183207793104
-41.673399142105055,18.092462741378682,1.061237945231888,1.061237945231888
-41.84727914210506,18.32430274137868,1.061237945231888,1.061237945231888
-42.05013914210505,18.61410274137868,1.0536930334779668,1.0536930334779668
-42.166059142105055,18.81696274137868,1.0691224365805816,1.0691224365805816
-42.33993914210505,19.077782741378677,1.0536930334779668,1.0536930334779668
-42.48483914210505,19.33860274137868,1.06400416314975,1.06400416314975
-42.62973914210506,19.59942274137868,1.075778820761963,1.075778820761963
-42.77463914210506,19.83126274137868,1.0501002072183396,1.0501002072183396
-42.83259914210505,19.947182741378683,1.061237945231888,1.061237945231888
-43.035459142105054,20.32392274137868,1.0628195227789148,1.0628195227789148
-43.093419142105056,20.439842741378683,1.0691224365805816,1.0691224365805816
-43.26729914210505,20.75862274137868,1.075778820761963,1.075778820761963
-43.35423914210506,20.874542741378683,1.061237945231888,1.061237945231888
-43.528119142105055,21.19332274137868,1.06400416314975,1.06400416314975
-43.673019142105055,21.454142741378682,1.075778820761963,1.075778820761963
-43.78893914210506,21.62802274137868,1.0536930334779668,1.0536930334779668
-43.93383914210506,21.88884274137868,1.06400416314975,1.06400416314975
-44.07873914210506,22.149662741378677,1.075778820761963,1.075778820761963
-44.165679142105056,22.26558274137868,1.061237945231888,1.061237945231888
-44.33955914210505,22.584362741378683,1.06400416314975,1.06400416314975
-44.48445914210505,22.84518274137868,1.075778820761963,1.075778820761963
-44.57139914210506,22.96110274137868,1.061237945231888,1.061237945231888
-44.71629914210506,23.221922741378677,1.0691224365805816,1.0691224365805816
-44.91915914210506,23.54070274137868,1.0501002072183396,1.0501002072183396
-44.97711914210505,23.656622741378683,1.061237945231888,1.061237945231888
-45.12201914210505,23.91744274137868,1.0691224365805816,1.0691224365805816
-45.29589914210506,24.236222741378683,1.075778820761963,1.075778820761963
-45.382839142105055,24.352142741378678,1.061237945231888,1.061237945231888
-45.55671914210505,24.670922741378682,1.06400416314975,1.06400416314975
-45.70161914210505,24.931742741378677,1.075778820761963,1.075778820761963
-45.84651914210506,25.163582741378683,1.0501002072183396,1.0501002072183396
-45.90447914210505,25.27950274137868,1.061237945231888,1.061237945231888
-46.107339142105054,25.656242741378676,1.0628195227789148,1.0628195227789148
-46.22325914210506,25.888082741378682,1.0628195227789148,1.0628195227789148
-46.28121914210506,26.004002741378677,1.0691224365805816,1.0691224365805816
-46.455099142105055,26.32278274137868,1.075778820761963,1.075778820761963
-46.599999142105055,26.55462274137868,1.0501002072183396,1.0501002072183396
-46.686939142105054,26.728502741378676,1.0536930334779668,1.0536930334779668
-46.86081914210506,27.04728274137868,1.0628195227789148,1.0628195227789148
-46.97673914210505,27.27912274137868,1.0628195227789148,1.0628195227789148
-47.034699142105055,27.39504274137868,1.0691224365805816,1.0691224365805816
-47.20857914210506,27.713822741378678,1.075778820761963,1.075778820761963
-47.324499142105054,27.887702741378675,1.0536930334779668,1.0536930334779668
-47.49837914210506,28.20648274137868,1.0628195227789148,1.0628195227789148
-47.58531914210506,28.380362741378676,1.06400416314975,1.06400416314975
-47.73021914210506,28.641182741378685,1.075778820761963,1.075778820761963
-47.84613914210505,28.873022741378676,1.075778820761963,1.075778820761963
-48.020019142105056,29.249762741378674,1.07226,1.07226
-48.07797914210506,29.365682741378677,1.0628195227789148,1.0628195227789148
-48.251859142105054,29.77140274137868,1.0548879229567472,1.0548879229567472
-48.28083914210506,29.887322741378682,1.0655816349768796,1.0655816349768796
-48.396759142105054,30.177122741378682,1.044888759629464,1.044888759629464
-48.48369914210505,30.495902741378686,1.0472972655363901,1.0472972655363901
-48.51267914210506,30.75672274137868,1.0687295934893914,1.0687295934893914
-48.57063914210506,31.04652274137868,1.0576707487682544,1.0576707487682544
-48.62859914210505,31.394282741378674,1.044888759629464,1.044888759629464
-48.62859914210505,31.510202741378677,1.0576707487682544,1.0576707487682544
-48.65757914210506,31.91592274137868,1.07226,1.07226
-48.65757914210506,32.147762741378685,1.07226,1.07226
-48.62859914210505,32.55348274137867,1.0576707487682544,1.0576707487682544
-48.62859914210505,32.669402741378676,1.044888759629464,1.044888759629464
-48.57063914210506,33.017162741378684,1.0576707487682544,1.0576707487682544
-48.51267914210506,33.30696274137868,1.0687295934893914,1.0687295934893914
-48.454719142105056,33.65472274137868,1.044888759629464,1.044888759629464
-48.396759142105054,33.77064274137868,1.0687295934893914,1.0687295934893914
-48.251859142105054,34.234322741378676,1.0628195227789148,1.0628195227789148
-48.19389914210505,34.35024274137868,1.07226,1.07226
-48.04899914210505,34.72698274137868,1.0501002072183396,1.0501002072183396
-47.90409914210505,34.95882274137868,1.075778820761963,1.075778820761963
-47.70123914210505,35.306582741378676,1.061237945231888,1.061237945231888
-47.469399142105054,35.62536274137868,1.0687295934893914,1.0687295934893914
-47.237559142105056,35.91516274137868,1.0655816349768796,1.0655816349768796
-47.00571914210506,36.147002741378685,1.0655816349768796,1.0655816349768796
-46.77387914210505,36.378842741378676,1.0655816349768796,1.0655816349768796
-46.48407914210505,36.61068274137868,1.0687295934893914,1.0687295934893914
-46.252239142105054,36.78456274137868,1.0687295934893914,1.0687295934893914
-45.875499142105056,37.045382741378674,1.0536930334779668,1.0536930334779668
-45.614679142105054,37.19028274137868,1.06400416314975,1.06400416314975
-45.20895914210506,37.39314274137868,1.07226,1.07226
-45.093039142105056,37.451102741378676,1.0628195227789148,1.0628195227789148
-44.68731914210505,37.62498274137867,1.0548879229567472,1.0548879229567472
-44.48445914210505,37.68294274137868,1.0632145495618464,1.0632145495618464
-44.165679142105056,37.76988274137868,1.0687295934893914,1.0687295934893914
-43.93383914210506,37.827842741378674,1.0687295934893914,1.0687295934893914
-43.673019142105055,37.88580274137868,1.0628195227789148,1.0628195227789148
-43.325259142105054,37.94376274137868,1.046896232680202,1.046896232680202
-43.20933914210506,37.94376274137868,1.0628195227789148,1.0628195227789148
-42.77463914210506,37.97274274137868,1.07226,1.07226
-42.54279914210505,37.97274274137868,1.07226,1.07226
-42.310959142105055,37.97274274137868,1.07226,1.07226
-41.93421914210506,37.94376274137868,1.0532944357585867,1.0532944357585867
-41.818299142105055,37.94376274137868,1.0436824223871934,1.0436824223871934
-41.41257914210505,37.88580274137868,1.0628195227789148,1.0628195227789148
-41.29665914210506,37.88580274137868,1.046896232680202,1.046896232680202
-40.97787914210505,37.827842741378674,1.0576707487682544,1.0576707487682544
-40.68807914210505,37.76988274137868,1.0687295934893914,1.0687295934893914
-40.57215914210506,37.76988274137868,1.0497002452128894,1.0497002452128894
-40.28235914210506,37.711922741378686,1.0576707487682544,1.0576707487682544
-39.99255914210506,37.65396274137868,1.0687295934893914,1.0687295934893914
-39.731739142105056,37.62498274137867,1.0472972655363901,1.0472972655363901
-39.61581914210505,37.59600274137868,1.0532944357585867,1.0532944357585867
-39.35499914210506,37.538042741378675,1.0576707487682544,1.0576707487682544
-39.094179142105055,37.48008274137868,1.0628195227789148,1.0628195227789148
-38.83335914210505,37.422122741378686,1.0687295934893914,1.0687295934893914
-38.601519142105055,37.39314274137868,1.0404586851961013,1.0404586851961013
-38.34069914210506,37.335182741378674,1.0472972655363901,1.0472972655363901
-38.22477914210506,37.306202741378684,1.0532944357585867,1.0532944357585867
-37.963959142105054,37.248242741378675,1.0576707487682544,1.0576707487682544
-37.70313914210506,37.19028274137868,1.0628195227789148,1.0628195227789148
-37.442319142105056,37.13232274137867,1.0687295934893914,1.0687295934893914
-37.181499142105054,37.10334274137868,1.0472972655363901,1.0472972655363901
-37.06557914210506,37.07436274137868,1.0532944357585867,1.0532944357585867
-36.804759142105056,37.016402741378684,1.0576707487682544,1.0576707487682544
-36.54393914210505,36.958442741378676,1.0628195227789148,1.0628195227789148
-36.28311914210506,36.90048274137868,1.0687295934893914,1.0687295934893914
-36.022299142105055,36.87150274137868,1.0472972655363901,1.0472972655363901
-35.90637914210505,36.84252274137867,1.0532944357585867,1.0532944357585867
-35.529639142105054,36.755582741378674,1.0548879229567472,1.0548879229567472
-35.41371914210506,36.726602741378684,1.0576707487682544,1.0576707487682544
-35.152899142105056,36.668642741378676,1.0628195227789148,1.0628195227789148
-34.892079142105054,36.61068274137868,1.0687295934893914,1.0687295934893914
-34.63125914210506,36.58170274137868,1.0472972655363901,1.0472972655363901
-34.515339142105056,36.55272274137867,1.0532944357585867,1.0532944357585867
-34.25451914210505,36.49476274137868,1.0576707487682544,1.0576707487682544
-33.99369914210506,36.436802741378685,1.0628195227789148,1.0628195227789148
-33.877779142105055,36.436802741378685,1.046896232680202,1.046896232680202
-33.587979142105056,36.378842741378676,1.0532944357585867,1.0532944357585867
-33.298179142105056,36.32088274137868,1.0628195227789148,1.0628195227789148
-33.18225914210505,36.32088274137868,1.046896232680202,1.046896232680202
-32.86347914210506,36.262922741378674,1.0576707487682544,1.0576707487682544
-32.747559142105054,36.262922741378674,1.044888759629464,1.044888759629464
-32.370819142105056,36.20496274137868,1.0628195227789148,1.0628195227789148
-32.25489914210505,36.20496274137868,1.046896232680202,1.046896232680202
-32.10999914210505,36.175982741378675,1.07226,1.07226
-31.704279142105058,36.147002741378685,1.0576707487682544,1.0576707487682544
-31.588359142105055,36.147002741378685,1.044888759629464,1.044888759629464
-31.182639142105053,36.08904274137868,1.0687295934893914,1.0687295934893914
-31.066719142105057,36.08904274137868,1.0497002452128894,1.0497002452128894
-30.950799142105055,36.06006274137867,1.07226,1.07226
-30.54507914210506,36.03108274137868,1.0576707487682544,1.0576707487682544
-30.429159142105057,36.03108274137868,1.044888759629464,1.044888759629464
-30.110379142105053,35.973122741378674,1.0532944357585867,1.0532944357585867
-29.791599142105056,35.91516274137868,1.0687295934893914,1.0687295934893914
-29.675679142105054,35.91516274137868,1.0497002452128894,1.0497002452128894
-29.356899142105057,35.857202741378686,1.0628195227789148,1.0628195227789148
-29.240979142105054,35.857202741378686,1.046896232680202,1.046896232680202
-28.951179142105055,35.79924274137868,1.0532944357585867,1.0532944357585867
-28.83525914210506,35.77026274137867,1.0726515501317284,1.0726515501317284
-28.487499142105058,35.74128274137868,1.0532944357585867,1.0532944357585867
-28.371579142105055,35.71230274137868,1.0726515501317284,1.0726515501317284
-27.965859142105053,35.683322741378674,1.0628195227789148,1.0628195227789148
-27.849939142105057,35.683322741378674,1.046896232680202,1.046896232680202
-27.705039142105058,35.683322741378674,1.04328,1.04328
-27.47319914210506,35.654342741378684,1.07226,1.07226
-27.241359142105054,35.654342741378684,1.07226,1.07226
-27.009519142105056,35.683322741378674,1.04328,1.04328
-26.806659142105055,35.683322741378674,1.0436824223871934,1.0436824223871934
-26.69073914210506,35.683322741378674,1.0532944357585867,1.0532944357585867
-26.313999142105054,35.71230274137868,1.07226,1.07226
-26.140119142105057,35.74128274137868,1.044888759629464,1.044888759629464
-26.024199142105054,35.74128274137868,1.0576707487682544,1.0576707487682544
-25.647459142105056,35.77026274137867,1.0726515501317284,1.0726515501317284
-25.531539142105053,35.79924274137868,1.0532944357585867,1.0532944357585867
-25.212759142105057,35.82822274137868,1.0738253438990906,1.0738253438990906
-25.096839142105054,35.857202741378686,1.0576707487682544,1.0576707487682544
-24.749079142105053,35.91516274137868,1.044888759629464,1.044888759629464
-24.633159142105058,35.91516274137868,1.0576707487682544,1.0576707487682544
-24.314379142105054,35.973122741378674,1.046896232680202,1.046896232680202
-24.198459142105058,35.973122741378674,1.0628195227789148,1.0628195227789148
-23.90865914210506,36.03108274137868,1.0532944357585867,1.0532944357585867
-23.61885914210506,36.08904274137868,1.046896232680202,1.046896232680202
-23.502939142105056,36.08904274137868,1.0628195227789148,1.0628195227789148
-23.242119142105054,36.147002741378685,1.0576707487682544,1.0576707487682544
-22.98129914210506,36.20496274137868,1.0532944357585867,1.0532944357585867
-22.865379142105056,36.233942741378684,1.0472972655363901,1.0472972655363901
-22.633539142105057,36.29190274137868,1.0472972655363901,1.0472972655363901
-22.430679142105056,36.349862741378686,1.0548879229567472,1.0548879229567472
-22.198839142105058,36.40782274137868,1.0548879229567472,1.0548879229567472
-21.995979142105057,36.465782741378675,1.0632145495618464,1.0632145495618464
-21.793119142105056,36.52374274137868,1.07226,1.07226
-21.503319142105056,36.639662741378686,1.0548879229567472,1.0548879229567472
-21.387399142105053,36.668642741378676,1.0655816349768796,1.0655816349768796
-21.126579142105058,36.78456274137868,1.0548879229567472,1.0548879229567472
-20.865759142105055,36.87150274137868,1.07226,1.07226
-20.74983914210506,36.929462741378686,1.0628195227789148,1.0628195227789148
-20.431059142105056,37.07436274137868,1.0548879229567472,1.0548879229567472
-20.315139142105053,37.13232274137867,1.0501002072183396,1.0501002072183396
-20.083299142105062,37.219262741378685,1.075778820761963,1.075778820761963
-19.851459142105057,37.335182741378674,1.075778820761963,1.075778820761963
-19.61961914210505,37.451102741378676,1.075778820761963,1.075778820761963
-19.38777914210506,37.56702274137868,1.075778820761963,1.075778820761963
-19.155939142105055,37.68294274137868,1.075778820761963,1.075778820761963
-18.982059142105058,37.798862741378684,1.0536930334779668,1.0536930334779668
-18.663279142105054,37.97274274137868,1.0628195227789148,1.0628195227789148
-18.54735914210505,38.030702741378676,1.0691224365805816,1.0691224365805816
-18.34449914210505,38.17560274137868,1.061237945231888,1.061237945231888
-18.083679142105055,38.320502741378675,1.0691224365805816,1.0691224365805816
-17.880819142105054,38.46540274137868,1.061237945231888,1.061237945231888
-17.648979142105063,38.63928274137868,1.061237945231888,1.061237945231888
-17.417139142105057,38.813162741378676,1.061237945231888,1.061237945231888
-17.185299142105052,38.98704274137867,1.061237945231888,1.061237945231888
-17.069379142105063,39.073982741378686,1.0663694958127787,1.0663694958127787
-16.779579142105064,39.30582274137868,1.0726515501317284,1.0726515501317284
-16.634679142105057,39.450722741378684,1.0655816349768796,1.0655816349768796
-16.40283914210505,39.653582741378685,1.0862668926189365,1.0862668926189365
-16.17099914210506,39.885422741378676,1.0862668926189365,1.0862668926189365
-15.939159142105055,40.11726274137868,1.0862668926189365,1.0862668926189365
-15.707319142105064,40.34910274137867,1.0862668926189365,1.0862668926189365
-15.533439142105053,40.551962741378674,1.0655816349768796,1.0655816349768796
-15.330579142105051,40.754822741378675,1.0663694958127787,1.0663694958127787
-15.214659142105063,40.87074274137868,1.0851065573481713,1.0851065573481713
-14.953839142105053,41.18952274137868,1.0687295934893914,1.0687295934893914
-14.721999142105062,41.47932274137868,1.0655816349768796,1.0655816349768796
-14.635059142105064,41.595242741378684,1.0548879229567472,1.0548879229567472
-14.403219142105058,41.85606274137868,1.0726515501317284,1.0726515501317284
-14.229339142105061,42.087902741378684,1.0726515501317284,1.0726515501317284
-14.05545914210505,42.319742741378676,1.0726515501317284,1.0726515501317284
-13.881579142105053,42.55158274137868,1.0726515501317284,1.0726515501317284
-13.707699142105056,42.78342274137867,1.0726515501317284,1.0726515501317284
-13.562799142105064,42.98628274137867,1.0781183207793104,1.0781183207793104
-13.446879142105061,43.189142741378674,1.061237945231888,1.061237945231888
-13.27299914210505,43.42098274137868,1.061237945231888,1.061237945231888
-13.186059142105051,43.53690274137868,1.075778820761963,1.075778820761963
-12.98319914210505,43.884662741378676,1.061237945231888,1.061237945231888
-12.925239142105056,44.00058274137868,1.0501002072183396,1.0501002072183396
-12.780339142105063,44.232422741378684,1.075778820761963,1.075778820761963
-12.66441914210506,44.464262741378676,1.075778820761963,1.075778820761963
-12.548499142105058,44.69610274137868,1.075778820761963,1.075778820761963
-12.432579142105055,44.92794274137867,1.075778820761963,1.075778820761963
-12.403599142105051,45.043862741378675,1.0548879229567472,1.0548879229567472
-12.316659142105053,45.246722741378676,1.07226,1.07226
-12.258699142105058,45.44958274137868,1.0632145495618464,1.0632145495618464
-12.229719142105054,45.56550274137868,1.0628195227789148,1.0628195227789148
-12.229719142105054,45.68142274137868,1.046896232680202,1.046896232680202
-12.20073914210505,45.826322741378675,1.07226,1.07226
-12.20073914210505,46.05816274137868,1.07226,1.07226
-12.20073914210505,46.23204274137868,1.0738253438990906,1.0738253438990906
-12.229719142105054,46.34796274137868,1.0576707487682544,1.0576707487682544
-12.258699142105058,46.46388274137868,1.0548879229567472,1.0548879229567472
-12.287679142105063,46.579802741378685,1.0655816349768796,1.0655816349768796
-12.374619142105061,46.75368274137868,1.0628195227789148,1.0628195227789148
-12.432579142105055,46.869602741378685,1.0691224365805816,1.0691224365805816
-12.519519142105054,46.985522741378674,1.0687295934893914,1.0687295934893914
-12.66441914210506,47.159402741378685,1.0862668926189365,1.0862668926189365
-12.896259142105052,47.391242741378676,1.0862668926189365,1.0862668926189365
-13.012179142105055,47.478182741378674,1.0726515501317284,1.0726515501317284
-13.128099142105057,47.53614274137868,1.0536930334779668,1.0536930334779668
-13.24401914210506,47.59410274137868,1.0505000169443122,1.0505000169443122
-13.504839142105055,47.71002274137868,1.0628195227789148,1.0628195227789148
-13.620759142105058,47.739002741378684,1.044888759629464,1.044888759629464
-13.73667914210506,47.79696274137868,1.0687295934893914,1.0687295934893914
-13.997499142105056,47.82594274137868,1.0472972655363901,1.0472972655363901
-14.113419142105059,47.85492274137867,1.0532944357585867,1.0532944357585867
-14.229339142105061,47.88390274137868,1.0726515501317284,1.0726515501317284
-14.432199142105063,47.88390274137868,1.07226,1.07226
-14.80893914210506,47.91288274137868,1.0532944357585867,1.0532944357585867
-14.924859142105063,47.91288274137868,1.0436824223871934,1.0436824223871934
-15.12771914210505,47.91288274137868,1.04328,1.04328
-15.359559142105056,47.941862741378685,1.07226,1.07226
-15.591399142105061,47.941862741378685,1.07226,1.07226
-15.823239142105052,47.941862741378685,1.07226,1.07226
-16.055079142105058,47.941862741378685,1.07226,1.07226
-16.46079914210506,47.970842741378675,1.0576707487682544,1.0576707487682544
-16.576719142105063,47.970842741378675,1.044888759629464,1.044888759629464
-16.75059914210506,47.970842741378675,1.04328,1.04328
-16.98243914210505,47.99982274137868,1.07226,1.07226
-17.214279142105056,47.99982274137868,1.07226,1.07226
-17.648979142105063,48.02880274137868,1.0628195227789148,1.0628195227789148
-17.76489914210505,48.02880274137868,1.046896232680202,1.046896232680202
-17.909799142105058,48.02880274137868,1.04328,1.04328
-18.141639142105063,48.057782741378674,1.07226,1.07226
-18.373479142105055,48.057782741378674,1.07226,1.07226
-18.60531914210506,48.057782741378674,1.07226,1.07226
-18.982059142105058,48.08676274137868,1.0532944357585867,1.0532944357585867
-19.09797914210506,48.08676274137868,1.0436824223871934,1.0436824223871934
-19.300839142105062,48.11574274137868,1.07226,1.07226
-19.532679142105053,48.11574274137868,1.07226,1.07226
-19.76451914210506,48.11574274137868,1.07226,1.07226
-20.17023914210506,48.14472274137867,1.0576707487682544,1.0576707487682544
-20.286159142105063,48.14472274137867,1.044888759629464,1.044888759629464
-20.46003914210506,48.14472274137867,1.04328,1.04328
-20.69187914210505,48.173702741378676,1.07226,1.07226
-20.923719142105057,48.173702741378676,1.07226,1.07226
-21.387399142105053,48.20268274137868,1.0687295934893914,1.0687295934893914
-21.503319142105056,48.20268274137868,1.0497002452128894,1.0497002452128894
-21.61923914210506,48.20268274137868,1.04328,1.04328
-21.851079142105057,48.231662741378685,1.07226,1.07226
-22.082919142105055,48.231662741378685,1.07226,1.07226
-22.314759142105054,48.231662741378685,1.07226,1.07226
-22.778439142105057,48.260642741378675,1.0687295934893914,1.0687295934893914
-22.89435914210506,48.260642741378675,1.0497002452128894,1.0497002452128894
-23.010279142105055,48.260642741378675,1.04328,1.04328
-23.242119142105054,48.28962274137868,1.07226,1.07226
-23.47395914210506,48.28962274137868,1.07226,1.07226
-23.705799142105057,48.28962274137868,1.07226,1.07226
-23.937639142105056,48.28962274137868,1.07226,1.07226
-24.343359142105058,48.31860274137868,1.0576707487682544,1.0576707487682544
-24.459279142105053,48.31860274137868,1.044888759629464,1.044888759629464
-24.633159142105058,48.31860274137868,1.04328,1.04328
-24.864999142105056,48.34758274137867,1.07226,1.07226
-25.096839142105054,48.34758274137867,1.07226,1.07226
-25.32867914210506,48.34758274137867,1.07226,1.07226
-25.560519142105058,48.34758274137867,1.07226,1.07226
-25.937259142105056,48.37656274137868,1.0532944357585867,1.0532944357585867
-26.05317914210506,48.37656274137868,1.0436824223871934,1.0436824223871934
-26.25603914210506,48.37656274137868,1.04328,1.04328
-26.487879142105058,48.40554274137868,1.07226,1.07226
-26.719719142105056,48.40554274137868,1.07226,1.07226
-26.951559142105054,48.40554274137868,1.07226,1.07226
-27.32829914210506,48.434522741378686,1.0532944357585867,1.0532944357585867
-27.444219142105055,48.434522741378686,1.0436824223871934,1.0436824223871934
-27.647079142105056,48.463502741378676,1.07226,1.07226
-27.878919142105055,48.463502741378676,1.07226,1.07226
-28.313619142105054,48.49248274137868,1.0628195227789148,1.0628195227789148
-28.429539142105057,48.49248274137868,1.046896232680202,1.046896232680202
-28.574439142105057,48.49248274137868,1.04328,1.04328
-28.806279142105055,48.521462741378684,1.07226,1.07226
-29.240979142105054,48.550442741378674,1.0628195227789148,1.0628195227789148
-29.356899142105057,48.550442741378674,1.046896232680202,1.046896232680202
-29.501799142105057,48.57942274137868,1.07226,1.07226
-29.965479142105053,48.60840274137868,1.0687295934893914,1.0687295934893914
-30.081399142105056,48.60840274137868,1.0497002452128894,1.0497002452128894
-30.19731914210506,48.60840274137868,1.04328,1.04328
-30.660999142105055,48.66636274137868,1.0687295934893914,1.0687295934893914
-30.776919142105058,48.66636274137868,1.0497002452128894,1.0497002452128894
-30.892839142105053,48.69534274137868,1.07226,1.07226
-31.298559142105056,48.724322741378685,1.0576707487682544,1.0576707487682544
-31.41447914210506,48.724322741378685,1.044888759629464,1.044888759629464
-31.791219142105057,48.78228274137868,1.0628195227789148,1.0628195227789148
-31.90713914210506,48.78228274137868,1.046896232680202,1.046896232680202
-32.28387914210506,48.840242741378674,1.0687295934893914,1.0687295934893914
-32.39979914210505,48.840242741378674,1.0497002452128894,1.0497002452128894
-32.747559142105054,48.89820274137868,1.0687295934893914,1.0687295934893914
-32.86347914210506,48.89820274137868,1.0497002452128894,1.0497002452128894
-33.21123914210506,48.95616274137868,1.0687295934893914,1.0687295934893914
-33.32715914210505,48.95616274137868,1.0497002452128894,1.0497002452128894
-33.64593914210506,49.014122741378685,1.0628195227789148,1.0628195227789148
-33.76185914210506,49.014122741378685,1.046896232680202,1.046896232680202
-34.080639142105056,49.07208274137868,1.0576707487682544,1.0576707487682544
-34.370439142105056,49.130042741378674,1.0687295934893914,1.0687295934893914
-34.48635914210506,49.130042741378674,1.0497002452128894,1.0497002452128894
-34.805139142105055,49.18800274137868,1.0628195227789148,1.0628195227789148
-34.92105914210506,49.18800274137868,1.046896232680202,1.046896232680202
-35.21085914210506,49.245962741378676,1.0532944357585867,1.0532944357585867
-35.50065914210506,49.303922741378685,1.0628195227789148,1.0628195227789148
-35.61657914210505,49.303922741378685,1.046896232680202,1.046896232680202
-35.90637914210505,49.36188274137868,1.0532944357585867,1.0532944357585867
-36.167199142105055,49.41984274137867,1.0576707487682544,1.0576707487682544
-36.456999142105055,49.47780274137868,1.0687295934893914,1.0687295934893914
-36.71781914210506,49.506782741378686,1.0472972655363901,1.0472972655363901
-36.83373914210505,49.535762741378676,1.0532944357585867,1.0532944357585867
-37.12353914210506,49.593722741378684,1.0628195227789148,1.0628195227789148
-37.384359142105055,49.65168274137868,1.0687295934893914,1.0687295934893914
-37.64517914210506,49.68066274137868,1.0472972655363901,1.0472972655363901
-37.76109914210505,49.70964274137867,1.0532944357585867,1.0532944357585867
-38.021919142105055,49.76760274137868,1.0576707487682544,1.0576707487682544
-38.311719142105055,49.825562741378675,1.0687295934893914,1.0687295934893914
-38.57253914210506,49.85454274137868,1.0472972655363901,1.0472972655363901
-38.68845914210505,49.883522741378684,1.0532944357585867,1.0532944357585867
-38.949279142105055,49.94148274137868,1.0576707487682544,1.0576707487682544
-39.21009914210506,49.99944274137867,1.0628195227789148,1.0628195227789148
-39.47091914210505,50.05740274137868,1.0687295934893914,1.0687295934893914
-39.586839142105056,50.05740274137868,1.0497002452128894,1.0497002452128894
-39.876639142105056,50.115362741378675,1.0576707487682544,1.0576707487682544
-40.13745914210506,50.17332274137868,1.0628195227789148,1.0628195227789148
-40.39827914210505,50.23128274137868,1.0687295934893914,1.0687295934893914
-40.659099142105056,50.26026274137868,1.0472972655363901,1.0472972655363901
-40.77501914210506,50.28924274137867,1.0532944357585867,1.0532944357585867
-41.035839142105054,50.34720274137868,1.0576707487682544,1.0576707487682544
-41.29665914210506,50.405162741378675,1.0628195227789148,1.0628195227789148
-41.55747914210506,50.43414274137868,1.0404586851961013,1.0404586851961013
-41.673399142105055,50.46312274137868,1.0497002452128894,1.0497002452128894
-41.963199142105054,50.52108274137868,1.0576707487682544,1.0576707487682544
-42.22401914210506,50.579042741378686,1.0628195227789148,1.0628195227789148
-42.48483914210505,50.63700274137868,1.0687295934893914,1.0687295934893914
-42.745659142105055,50.665982741378684,1.0472972655363901,1.0472972655363901
-42.86157914210506,50.694962741378674,1.0532944357585867,1.0532944357585867
-43.12239914210505,50.75292274137868,1.0576707487682544,1.0576707487682544
-43.383219142105055,50.81088274137868,1.0628195227789148,1.0628195227789148
-43.64403914210506,50.83986274137868,1.0404586851961013,1.0404586851961013
-43.75995914210505,50.868842741378685,1.0497002452128894,1.0497002452128894
-44.04975914210505,50.92680274137868,1.0576707487682544,1.0576707487682544
-44.310579142105055,50.984762741378674,1.0628195227789148,1.0628195227789148
-44.57139914210506,51.04272274137868,1.0687295934893914,1.0687295934893914
-44.83221914210505,51.07170274137867,1.0472972655363901,1.0472972655363901
-44.948139142105056,51.10068274137868,1.0532944357585867,1.0532944357585867
-45.20895914210506,51.158642741378685,1.0576707487682544,1.0576707487682544
-45.469779142105054,51.21660274137868,1.0628195227789148,1.0628195227789148
-45.730599142105056,51.27456274137867,1.0687295934893914,1.0687295934893914
-45.99141914210506,51.30354274137868,1.0472972655363901,1.0472972655363901
-46.107339142105054,51.33252274137868,1.0532944357585867,1.0532944357585867
-46.36815914210506,51.390482741378676,1.0576707487682544,1.0576707487682544
-46.62897914210505,51.448442741378685,1.0628195227789148,1.0628195227789148
-46.889799142105055,51.50640274137868,1.0687295934893914,1.0687295934893914
-47.15061914210506,51.53538274137868,1.0472972655363901,1.0472972655363901
-47.26653914210505,51.56436274137867,1.0532944357585867,1.0532944357585867
-47.527359142105055,51.62232274137868,1.0576707487682544,1.0576707487682544
-47.78817914210506,51.680282741378676,1.0628195227789148,1.0628195227789148
-47.90409914210505,51.680282741378676,1.046896232680202,1.046896232680202
-48.19389914210505,51.738242741378684,1.0532944357585867,1.0532944357585867
-48.454719142105056,51.79620274137868,1.0576707487682544,1.0576707487682544
-48.71553914210506,51.85416274137867,1.0628195227789148,1.0628195227789148
-48.97635914210505,51.91212274137868,1.0687295934893914,1.0687295934893914
-49.237179142105056,51.941102741378685,1.0472972655363901,1.0472972655363901
-49.35309914210506,51.970082741378675,1.0532944357585867,1.0532944357585867
-49.613919142105054,52.028042741378684,1.0576707487682544,1.0576707487682544
-49.87473914210506,52.08600274137868,1.0628195227789148,1.0628195227789148
-50.13555914210505,52.14396274137867,1.0687295934893914,1.0687295934893914
-50.396379142105054,52.17294274137868,1.0472972655363901,1.0472972655363901
-50.51229914210506,52.20192274137868,1.0532944357585867,1.0532944357585867
-50.77311914210505,52.259882741378675,1.0576707487682544,1.0576707487682544
-51.033939142105055,52.31784274137868,1.0628195227789148,1.0628195227789148
-51.29475914210506,52.37580274137868,1.0687295934893914,1.0687295934893914
-51.55557914210505,52.40478274137868,1.0472972655363901,1.0472972655363901
-51.671499142105056,52.43376274137867,1.0532944357585867,1.0532944357585867
-51.93231914210506,52.49172274137868,1.0576707487682544,1.0576707487682544
-52.19313914210505,52.549682741378675,1.0628195227789148,1.0628195227789148
-52.453959142105056,52.60764274137868,1.0687295934893914,1.0687295934893914
-52.71477914210506,52.63662274137867,1.0472972655363901,1.0472972655363901
-52.830699142105054,52.66560274137868,1.0532944357585867,1.0532944357585867
-53.09151914210506,52.72356274137867,1.0576707487682544,1.0576707487682544
-53.35233914210505,52.78152274137868,1.0628195227789148,1.0628195227789148
-53.613159142105054,52.839482741378674,1.0687295934893914,1.0687295934893914
-53.87397914210506,52.86846274137868,1.0472972655363901,1.0472972655363901
-53.98989914210506,52.89744274137868,1.0532944357585867,1.0532944357585867
-54.250719142105055,52.95540274137868,1.0576707487682544,1.0576707487682544
-54.51153914210505,53.013362741378685,1.0628195227789148,1.0628195227789148
-54.77235914210506,53.07132274137868,1.0687295934893914,1.0687295934893914
-55.033179142105055,53.100302741378684,1.0472972655363901,1.0472972655363901
-55.14909914210506,53.129282741378674,1.0532944357585867,1.0532944357585867
-55.43889914210506,53.18724274137868,1.0628195227789148,1.0628195227789148
-55.69971914210505,53.24520274137868,1.0687295934893914,1.0687295934893914
-55.960539142105056,53.27418274137868,1.0472972655363901,1.0472972655363901
-56.07645914210505,53.303162741378685,1.0532944357585867,1.0532944357585867
-56.36625914210505,53.36112274137868,1.0628195227789148,1.0628195227789148
-56.48217914210505,53.36112274137868,1.046896232680202,1.046896232680202
-56.829939142105054,53.41908274137867,1.0628195227789148,1.0628195227789148
-56.94585914210505,53.41908274137867,1.046896232680202,1.046896232680202
-57.09075914210506,53.44806274137868,1.07226,1.07226
-57.49647914210506,53.47704274137868,1.0576707487682544,1.0576707487682544
-57.612399142105055,53.47704274137868,1.044888759629464,1.044888759629464
-57.78627914210506,53.50602274137867,1.07226,1.07226
-58.16301914210506,53.535002741378676,1.0532944357585867,1.0532944357585867
-58.27893914210506,53.535002741378676,1.0436824223871934,1.0436824223871934
-58.71363914210505,53.592962741378685,1.0687295934893914,1.0687295934893914
-58.829559142105055,53.592962741378685,1.0497002452128894,1.0497002452128894
-58.94547914210506,53.621942741378675,1.07226,1.07226
-59.322219142105055,53.65092274137868,1.0532944357585867,1.0532944357585867
-59.43813914210506,53.67990274137868,1.0726515501317284,1.0726515501317284
-59.814879142105056,53.70888274137867,1.0576707487682544,1.0576707487682544
-59.93079914210506,53.70888274137867,1.044888759629464,1.044888759629464
-60.336519142105054,53.76684274137868,1.0687295934893914,1.0687295934893914
-60.45243914210506,53.76684274137868,1.0497002452128894,1.0497002452128894
-60.56835914210505,53.76684274137868,1.04328,1.04328
-60.80019914210506,53.79582274137867,1.07226,1.07226
-61.032039142105056,53.79582274137867,1.07226,1.07226
-61.263879142105054,53.79582274137867,1.07226,1.07226
-61.64061914210505,53.824802741378676,1.0532944357585867,1.0532944357585867
-61.756539142105055,53.824802741378676,1.0436824223871934,1.0436824223871934
-61.959399142105056,53.824802741378676,1.04328,1.04328
-62.191239142105054,53.824802741378676,1.04328,1.04328
-62.42307914210505,53.824802741378676,1.04328,1.04328
-62.65491914210506,53.824802741378676,1.04328,1.04328
-62.886759142105056,53.824802741378676,1.04328,1.04328
-63.118599142105055,53.824802741378676,1.04328,1.04328
-63.35043914210506,53.824802741378676,1.04328,1.04328
-63.58227914210505,53.824802741378676,1.04328,1.04328
-63.814119142105056,53.824802741378676,1.04328,1.04328
-64.04595914210506,53.824802741378676,1.04328,1.04328
-64.27779914210505,53.824802741378676,1.04328,1.04328
-64.50963914210506,53.824802741378676,1.04328,1.04328
-64.74147914210505,53.824802741378676,1.04328,1.04328
-64.97331914210505,53.824802741378676,1.04328,1.04328
-65.20515914210506,53.824802741378676,1.04328,1.04328
-65.43699914210505,53.824802741378676,1.04328,1.04328
-65.66883914210506,53.85378274137868,1.07226,1.07226
-65.90067914210505,53.85378274137868,1.07226,1.07226
-66.13251914210505,53.85378274137868,1.07226,1.07226
-66.36435914210506,53.85378274137868,1.07226,1.07226
-66.59619914210505,53.85378274137868,1.07226,1.07226
-66.82803914210506,53.85378274137868,1.07226,1.07226
-67.05987914210505,53.85378274137868,1.07226,1.07226
-67.29171914210505,53.85378274137868,1.07226,1.07226
-67.52355914210506,53.85378274137868,1.07226,1.07226
-67.75539914210506,53.85378274137868,1.07226,1.07226
-67.98723914210505,53.85378274137868,1.07226,1.07226
-68.21907914210506,53.85378274137868,1.07226,1.07226
-68.45091914210505,53.85378274137868,1.07226,1.07226
